id,type,app,module,message,DES.src,DES.dst,TOPO.src,TOPO.dst,module.src,service,time_in,time_out,time_emit,time_reception
1,COMP_M,ComplexApp,ServiceA,M.A,0,4,1,2,Sensor,1.0,11.14529106410951,12.14529106410951,0.1442910641095092,11.14529106410951
1,COMP_M,ComplexApp,ServiceD,M.E,4,10,2,2,ServiceA,1.0,12.14529106410951,13.14529106410951,12.14529106410951,12.14529106410951
1,COMP_M,ComplexApp,ServiceE,M.F,10,12,2,0,ServiceD,0.04,14.14729106410951,14.187291064109509,13.14529106410951,14.14729106410951
2,COMP_M,ComplexApp,ServiceA,M.A,0,4,1,2,Sensor,1.0,21.145791064109513,22.145791064109513,0.2885821282190184,21.145791064109513
2,COMP_M,ComplexApp,ServiceD,M.E,4,10,2,2,ServiceA,1.0,22.145791064109513,23.145791064109513,22.145791064109513,22.145791064109513
1,COMP_M,ComplexApp,ServiceB,M.B,4,6,2,1,ServiceA,2.0,23.14729106410951,25.14729106410951,12.14529106410951,23.14729106410951
2,COMP_M,ComplexApp,ServiceE,M.F,10,12,2,0,ServiceD,0.04,24.147791064109516,24.187791064109515,23.145791064109513,24.147791064109516
1,COMP_M,ComplexApp,ServiceF,M.G,12,14,0,6,ServiceE,0.09375,29.188574397442846,29.282324397442846,14.187291064109509,29.188574397442846
3,COMP_M,ComplexApp,ServiceA,M.A,0,4,1,2,Sensor,1.0,31.146291064109516,32.14629106410952,0.4328731923285276,31.146291064109516
3,COMP_M,ComplexApp,ServiceD,M.E,4,10,2,2,ServiceA,1.0,32.14629106410952,33.14629106410952,32.14629106410952,32.14629106410952
2,COMP_M,ComplexApp,ServiceB,M.B,4,6,2,1,ServiceA,2.0,33.14829106410951,35.14829106410951,22.145791064109513,33.14829106410951
3,COMP_M,ComplexApp,ServiceE,M.F,10,12,2,0,ServiceD,0.04,34.148291064109515,34.188291064109514,33.14629106410952,34.148291064109515
2,COMP_M,ComplexApp,ServiceF,M.G,12,14,0,6,ServiceE,0.09375,39.18907439744285,39.28282439744285,24.187791064109515,39.18907439744285
4,COMP_M,ComplexApp,ServiceA,M.A,0,4,1,2,Sensor,1.0,41.14679106410952,42.14679106410952,0.5771642564380368,41.14679106410952
4,COMP_M,ComplexApp,ServiceD,M.E,4,10,2,2,ServiceA,1.0,42.14679106410952,43.14679106410952,42.14679106410952,42.14679106410952
3,COMP_M,ComplexApp,ServiceB,M.B,4,6,2,1,ServiceA,2.0,43.149291064109505,45.149291064109505,32.14629106410952,43.149291064109505
4,COMP_M,ComplexApp,ServiceE,M.F,10,12,2,0,ServiceD,0.04,44.14879106410952,44.188791064109516,43.14679106410952,44.14879106410952
1,SINK_M,ComplexApp,Actuator,M.H,14,1,6,2,ServiceF,0,45.28374106410951,45.28374106410951,29.282324397442846,45.28374106410951
3,COMP_M,ComplexApp,ServiceF,M.G,12,14,0,6,ServiceE,0.09375,49.18957439744285,49.28332439744285,34.188291064109514,49.18957439744285
5,COMP_M,ComplexApp,ServiceA,M.A,0,4,1,2,Sensor,1.0,51.147291064109524,52.147291064109524,0.721455320547546,51.147291064109524
5,COMP_M,ComplexApp,ServiceD,M.E,4,10,2,2,ServiceA,1.0,52.147291064109524,53.147291064109524,52.147291064109524,52.147291064109524
4,COMP_M,ComplexApp,ServiceB,M.B,4,6,2,1,ServiceA,2.0,53.1502910641095,55.1502910641095,42.14679106410952,53.1502910641095
5,COMP_M,ComplexApp,ServiceE,M.F,10,12,2,0,ServiceD,0.04,54.14929106410952,54.18929106410952,53.147291064109524,54.14929106410952
2,SINK_M,ComplexApp,Actuator,M.H,14,1,6,2,ServiceF,0,55.284241064109516,55.284241064109516,39.28282439744285,55.284241064109516
4,COMP_M,ComplexApp,ServiceF,M.G,12,14,0,6,ServiceE,0.09375,59.19007439744285,59.28382439744285,44.188791064109516,59.19007439744285
6,COMP_M,ComplexApp,ServiceA,M.A,0,4,1,2,Sensor,1.0,61.147791064109526,62.147791064109526,0.8657463846570552,61.147791064109526
6,COMP_M,ComplexApp,ServiceD,M.E,4,10,2,2,ServiceA,1.0,62.147791064109526,63.147791064109526,62.147791064109526,62.147791064109526
5,COMP_M,ComplexApp,ServiceB,M.B,4,6,2,1,ServiceA,2.0,63.1512910641095,65.1512910641095,52.147291064109524,63.1512910641095
6,COMP_M,ComplexApp,ServiceE,M.F,10,12,2,0,ServiceD,0.04,64.14979106410952,64.18979106410953,63.147791064109526,64.14979106410952
3,SINK_M,ComplexApp,Actuator,M.H,14,1,6,2,ServiceF,0,65.28474106410951,65.28474106410951,49.28332439744285,65.28474106410951
5,COMP_M,ComplexApp,ServiceF,M.G,12,14,0,6,ServiceE,0.09375,69.19057439744284,69.28432439744284,54.18929106410952,69.19057439744284
7,COMP_M,ComplexApp,ServiceA,M.A,0,4,1,2,Sensor,1.0,71.14829106410953,72.14829106410953,1.0100374487665644,71.14829106410953
7,COMP_M,ComplexApp,ServiceD,M.E,4,10,2,2,ServiceA,1.0,72.14829106410953,73.14829106410953,72.14829106410953,72.14829106410953
6,COMP_M,ComplexApp,ServiceB,M.B,4,6,2,1,ServiceA,2.0,73.1522910641095,75.1522910641095,62.147791064109526,73.1522910641095
7,COMP_M,ComplexApp,ServiceE,M.F,10,12,2,0,ServiceD,0.04,74.15029106410954,74.19029106410954,73.14829106410953,74.15029106410954
4,SINK_M,ComplexApp,Actuator,M.H,14,1,6,2,ServiceF,0,75.28524106410951,75.28524106410951,59.28382439744285,75.28524106410951
6,COMP_M,ComplexApp,ServiceF,M.G,12,14,0,6,ServiceE,0.09375,79.19107439744286,79.28482439744286,64.18979106410953,79.19107439744286
8,COMP_M,ComplexApp,ServiceA,M.A,0,4,1,2,Sensor,1.0,81.14879106410953,82.14879106410953,1.1543285128760736,81.14879106410953
8,COMP_M,ComplexApp,ServiceD,M.E,4,10,2,2,ServiceA,1.0,82.14879106410953,83.14879106410953,82.14879106410953,82.14879106410953
7,COMP_M,ComplexApp,ServiceB,M.B,4,6,2,1,ServiceA,2.0,83.15329106410951,85.15329106410951,72.14829106410953,83.15329106410951
8,COMP_M,ComplexApp,ServiceE,M.F,10,12,2,0,ServiceD,0.04,84.15079106410954,84.19079106410955,83.14879106410953,84.15079106410954
5,SINK_M,ComplexApp,Actuator,M.H,14,1,6,2,ServiceF,0,85.2857410641095,85.2857410641095,69.28432439744284,85.2857410641095
7,COMP_M,ComplexApp,ServiceF,M.G,12,14,0,6,ServiceE,0.09375,89.19157439744288,89.28532439744288,74.19029106410954,89.19157439744288
9,COMP_M,ComplexApp,ServiceA,M.A,0,4,1,2,Sensor,1.0,91.14929106410953,92.14929106410953,1.2986195769855828,91.14929106410953
9,COMP_M,ComplexApp,ServiceD,M.E,4,10,2,2,ServiceA,1.0,92.14929106410953,93.14929106410953,92.14929106410953,92.14929106410953
8,COMP_M,ComplexApp,ServiceB,M.B,4,6,2,1,ServiceA,2.0,93.15429106410951,95.15429106410951,82.14879106410953,93.15429106410951
9,COMP_M,ComplexApp,ServiceE,M.F,10,12,2,0,ServiceD,0.04,94.15129106410954,94.19129106410955,93.14929106410953,94.15129106410954
6,SINK_M,ComplexApp,Actuator,M.H,14,1,6,2,ServiceF,0,95.28624106410952,95.28624106410952,79.28482439744286,95.28624106410952
8,COMP_M,ComplexApp,ServiceF,M.G,12,14,0,6,ServiceE,0.09375,99.19207439744288,99.28582439744288,84.19079106410955,99.19207439744288
-1,COMP_M,ComplexApp,ServiceD,M.E,4,10,2,2,ServiceA,1.0,100,101.0,100.0,100.0
10,COMP_M,ComplexApp,ServiceA,M.A,0,4,1,2,Sensor,1.0,101.14979106410954,102.14979106410954,1.442910641095092,101.14979106410954
-1,COMP_M,ComplexApp,ServiceE,M.F,10,12,2,0,ServiceD,0.04,102.00200000000001,102.04200000000002,100.0,102.00200000000001
10,COMP_M,ComplexApp,ServiceD,M.E,4,10,2,2,ServiceA,1.0,102.14979106410954,103.14979106410954,102.14979106410954,102.14979106410954
-1,COMP_M,ComplexApp,ServiceE,M.F,10,12,2,0,ServiceD,0.04,103.00300000000001,103.04300000000002,101.0,103.00300000000001
9,COMP_M,ComplexApp,ServiceB,M.B,4,6,2,1,ServiceA,2.0,103.15529106410952,105.15529106410952,92.14929106410953,103.15529106410952
10,COMP_M,ComplexApp,ServiceE,M.F,10,12,2,0,ServiceD,0.04,105.00500000000002,105.04500000000003,103.14979106410954,105.00500000000002
7,SINK_M,ComplexApp,Actuator,M.H,14,1,6,2,ServiceF,0,105.28674106410953,105.28674106410953,89.28532439744288,105.28674106410953
9,COMP_M,ComplexApp,ServiceF,M.G,12,14,0,6,ServiceE,0.09375,109.19257439744288,109.28632439744288,94.19129106410955,109.19257439744288
11,COMP_M,ComplexApp,ServiceA,M.A,0,4,1,2,Sensor,1.0,111.15029106410954,112.15029106410954,1.5872017052046012,111.15029106410954
11,COMP_M,ComplexApp,ServiceD,M.E,4,10,2,2,ServiceA,1.0,112.15029106410954,113.15029106410954,112.15029106410954,112.15029106410954
-1,COMP_M,ComplexApp,ServiceB,M.B,4,6,2,1,ServiceA,2.0,113.15629106410952,115.15629106410952,100.0,113.15629106410952
11,COMP_M,ComplexApp,ServiceE,M.F,10,12,2,0,ServiceD,0.04,114.15229106410955,114.19229106410955,113.15029106410954,114.15229106410955
-1,COMP_M,ComplexApp,ServiceF,M.G,12,14,0,6,ServiceE,0.09375,115.00128333333333,115.09503333333333,100.0,115.00128333333333
8,SINK_M,ComplexApp,Actuator,M.H,14,1,6,2,ServiceF,0,115.28724106410954,115.28724106410954,99.28582439744288,115.28724106410954
-1,COMP_M,ComplexApp,ServiceF,M.G,12,14,0,6,ServiceE,0.09375,120.00175,120.0955,102.04200000000002,120.00175
-1,SINK_M,ComplexApp,Actuator,M.H,14,1,6,2,ServiceF,0,120.28757439744287,120.28757439744287,100.0,120.28757439744287
12,COMP_M,ComplexApp,ServiceA,M.A,0,4,1,2,Sensor,1.0,121.28807439744287,122.28807439744287,1.7314927693141104,121.28807439744287
12,COMP_M,ComplexApp,ServiceD,M.E,4,10,2,2,ServiceA,1.0,122.28807439744287,123.28807439744287,122.28807439744287,122.28807439744287
10,COMP_M,ComplexApp,ServiceB,M.B,4,6,2,1,ServiceA,2.0,123.15729106410953,125.15729106410953,102.14979106410954,123.15729106410953
12,COMP_M,ComplexApp,ServiceE,M.F,10,12,2,0,ServiceD,0.04,124.29007439744288,124.33007439744289,123.28807439744287,124.29007439744288
-1,COMP_M,ComplexApp,ServiceF,M.G,12,14,0,6,ServiceE,0.09375,125.00221666666667,125.09596666666667,103.04300000000002,125.00221666666667
9,SINK_M,ComplexApp,Actuator,M.H,14,1,6,2,ServiceF,0,125.2879077307762,125.2879077307762,109.28632439744288,125.2879077307762
10,COMP_M,ComplexApp,ServiceF,M.G,12,14,0,6,ServiceE,0.09375,130.00268333333332,130.09643333333332,105.04500000000003,130.00268333333332
-1,SINK_M,ComplexApp,Actuator,M.D,8,1,8,2,ServiceC,0,130.2882410641095,130.2882410641095,100.0,130.2882410641095
13,COMP_M,ComplexApp,ServiceA,M.A,0,4,1,2,Sensor,1.0,131.2887410641095,132.2887410641095,1.8757838334236197,131.2887410641095
13,COMP_M,ComplexApp,ServiceD,M.E,4,10,2,2,ServiceA,1.0,132.2887410641095,133.2887410641095,132.2887410641095,132.2887410641095
11,COMP_M,ComplexApp,ServiceB,M.B,4,6,2,1,ServiceA,2.0,133.15829106410953,135.15829106410953,112.15029106410954,133.15829106410953
13,COMP_M,ComplexApp,ServiceE,M.F,10,12,2,0,ServiceD,0.04,134.2907410641095,134.3307410641095,133.2887410641095,134.2907410641095
11,COMP_M,ComplexApp,ServiceF,M.G,12,14,0,6,ServiceE,0.09375,135.00314999999998,135.09689999999998,114.19229106410955,135.00314999999998
-1,SINK_M,ComplexApp,Actuator,M.H,14,1,6,2,ServiceF,0,135.28857439744286,135.28857439744286,115.09503333333333,135.28857439744286
12,COMP_M,ComplexApp,ServiceF,M.G,12,14,0,6,ServiceE,0.09375,140.00361666666663,140.09736666666663,124.33007439744289,140.00361666666663
-1,SINK_M,ComplexApp,Actuator,M.H,14,1,6,2,ServiceF,0,140.2889077307762,140.2889077307762,120.0955,140.2889077307762
14,COMP_M,ComplexApp,ServiceA,M.A,0,4,1,2,Sensor,1.0,141.2894077307762,142.2894077307762,2.020074897533129,141.2894077307762
14,COMP_M,ComplexApp,ServiceD,M.E,4,10,2,2,ServiceA,1.0,142.2894077307762,143.2894077307762,142.2894077307762,142.2894077307762
12,COMP_M,ComplexApp,ServiceB,M.B,4,6,2,1,ServiceA,2.0,143.15929106410954,145.15929106410954,122.28807439744287,143.15929106410954
14,COMP_M,ComplexApp,ServiceE,M.F,10,12,2,0,ServiceD,0.04,144.2914077307762,144.3314077307762,143.2894077307762,144.2914077307762
-1,SINK_M,ComplexApp,Actuator,M.H,14,1,6,2,ServiceF,0,145.28924106410955,145.28924106410955,125.09596666666667,145.28924106410955
13,COMP_M,ComplexApp,ServiceF,M.G,12,14,0,6,ServiceE,0.09375,149.3320243974428,149.4257743974428,134.3307410641095,149.3320243974428
10,SINK_M,ComplexApp,Actuator,M.H,14,1,6,2,ServiceF,0,150.2895743974429,150.2895743974429,130.09643333333332,150.2895743974429
15,COMP_M,ComplexApp,ServiceA,M.A,0,4,1,2,Sensor,1.0,151.29007439744288,152.29007439744288,2.164365961642638,151.29007439744288
15,COMP_M,ComplexApp,ServiceD,M.E,4,10,2,2,ServiceA,1.0,152.29007439744288,153.29007439744288,152.29007439744288,152.29007439744288
13,COMP_M,ComplexApp,ServiceB,M.B,4,6,2,1,ServiceA,2.0,153.16029106410954,155.16029106410954,132.2887410641095,153.16029106410954
15,COMP_M,ComplexApp,ServiceE,M.F,10,12,2,0,ServiceD,0.04,154.2920743974429,154.33207439744288,153.29007439744288,154.2920743974429
11,SINK_M,ComplexApp,Actuator,M.H,14,1,6,2,ServiceF,0,155.28990773077624,155.28990773077624,135.09689999999998,155.28990773077624
14,COMP_M,ComplexApp,ServiceF,M.G,12,14,0,6,ServiceE,0.09375,159.3326910641095,159.4264410641095,144.3314077307762,159.3326910641095
12,SINK_M,ComplexApp,Actuator,M.H,14,1,6,2,ServiceF,0,160.29024106410958,160.29024106410958,140.09736666666663,160.29024106410958
16,COMP_M,ComplexApp,ServiceA,M.A,0,4,1,2,Sensor,1.0,161.29074106410957,162.29074106410957,2.3086570257521473,161.29074106410957
16,COMP_M,ComplexApp,ServiceD,M.E,4,10,2,2,ServiceA,1.0,162.29074106410957,163.29074106410957,162.29074106410957,162.29074106410957
14,COMP_M,ComplexApp,ServiceB,M.B,4,6,2,1,ServiceA,2.0,163.16129106410955,165.16129106410955,142.2894077307762,163.16129106410955
16,COMP_M,ComplexApp,ServiceE,M.F,10,12,2,0,ServiceD,0.04,164.29274106410958,164.33274106410957,163.29074106410957,164.29274106410958
13,SINK_M,ComplexApp,Actuator,M.H,14,1,6,2,ServiceF,0,165.42719106410948,165.42719106410948,149.4257743974428,165.42719106410948
15,COMP_M,ComplexApp,ServiceF,M.G,12,14,0,6,ServiceE,0.09375,169.33335773077619,169.42710773077619,154.33207439744288,169.33335773077619
17,COMP_M,ComplexApp,ServiceA,M.A,0,4,1,2,Sensor,1.0,171.15329106410948,172.15329106410948,2.4529480898616565,171.15329106410948
17,COMP_M,ComplexApp,ServiceD,M.E,4,10,2,2,ServiceA,1.0,172.15329106410948,173.15329106410948,172.15329106410948,172.15329106410948
15,COMP_M,ComplexApp,ServiceB,M.B,4,6,2,1,ServiceA,2.0,173.16229106410955,175.16229106410955,152.29007439744288,173.16229106410955
17,COMP_M,ComplexApp,ServiceE,M.F,10,12,2,0,ServiceD,0.04,174.1552910641095,174.19529106410948,173.15329106410948,174.1552910641095
14,SINK_M,ComplexApp,Actuator,M.H,14,1,6,2,ServiceF,0,175.42785773077617,175.42785773077617,159.4264410641095,175.42785773077617
16,COMP_M,ComplexApp,ServiceF,M.G,12,14,0,6,ServiceE,0.09375,179.33402439744287,179.42777439744287,164.33274106410957,179.33402439744287
18,COMP_M,ComplexApp,ServiceA,M.A,0,4,1,2,Sensor,1.0,181.15379106410947,182.15379106410947,2.5972391539711657,181.15379106410947
18,COMP_M,ComplexApp,ServiceD,M.E,4,10,2,2,ServiceA,1.0,182.15379106410947,183.15379106410947,182.15379106410947,182.15379106410947
16,COMP_M,ComplexApp,ServiceB,M.B,4,6,2,1,ServiceA,2.0,183.16329106410956,185.16329106410956,162.29074106410957,183.16329106410956
18,COMP_M,ComplexApp,ServiceE,M.F,10,12,2,0,ServiceD,0.04,184.15579106410948,184.19579106410947,183.15379106410947,184.15579106410948
15,SINK_M,ComplexApp,Actuator,M.H,14,1,6,2,ServiceF,0,185.42852439744286,185.42852439744286,169.42710773077619,185.42852439744286
17,COMP_M,ComplexApp,ServiceF,M.G,12,14,0,6,ServiceE,0.09375,189.1965743974428,189.2903243974428,174.19529106410948,189.1965743974428
19,COMP_M,ComplexApp,ServiceA,M.A,0,4,1,2,Sensor,1.0,191.15429106410946,192.15429106410946,2.741530218080675,191.15429106410946
19,COMP_M,ComplexApp,ServiceD,M.E,4,10,2,2,ServiceA,1.0,192.15429106410946,193.15429106410946,192.15429106410946,192.15429106410946
17,COMP_M,ComplexApp,ServiceB,M.B,4,6,2,1,ServiceA,2.0,193.16429106410956,195.16429106410956,172.15329106410948,193.16429106410956
19,COMP_M,ComplexApp,ServiceE,M.F,10,12,2,0,ServiceD,0.04,194.15629106410947,194.19629106410946,193.15429106410946,194.15629106410947
16,SINK_M,ComplexApp,Actuator,M.H,14,1,6,2,ServiceF,0,195.42919106410955,195.42919106410955,179.42777439744287,195.42919106410955
18,COMP_M,ComplexApp,ServiceF,M.G,12,14,0,6,ServiceE,0.09375,199.19707439744278,199.29082439744278,184.19579106410947,199.19707439744278
-1,COMP_M,ComplexApp,ServiceD,M.E,4,10,2,2,ServiceA,1.0,200,201.0,200.0,200.0
20,COMP_M,ComplexApp,ServiceA,M.A,0,4,1,2,Sensor,1.0,201.15479106410945,202.15479106410945,2.885821282190184,201.15479106410945
-1,COMP_M,ComplexApp,ServiceE,M.F,10,12,2,0,ServiceD,0.04,202.002,202.042,200.0,202.002
20,COMP_M,ComplexApp,ServiceD,M.E,4,10,2,2,ServiceA,1.0,202.15479106410945,203.15479106410945,202.15479106410945,202.15479106410945
-1,COMP_M,ComplexApp,ServiceE,M.F,10,12,2,0,ServiceD,0.04,203.00300000000001,203.043,201.0,203.00300000000001
18,COMP_M,ComplexApp,ServiceB,M.B,4,6,2,1,ServiceA,2.0,203.16529106410957,205.16529106410957,182.15379106410947,203.16529106410957
20,COMP_M,ComplexApp,ServiceE,M.F,10,12,2,0,ServiceD,0.04,205.00500000000002,205.04500000000002,203.15479106410945,205.00500000000002
17,SINK_M,ComplexApp,Actuator,M.H,14,1,6,2,ServiceF,0,205.29174106410946,205.29174106410946,189.2903243974428,205.29174106410946
19,COMP_M,ComplexApp,ServiceF,M.G,12,14,0,6,ServiceE,0.09375,209.19757439744276,209.29132439744276,194.19629106410946,209.19757439744276
21,COMP_M,ComplexApp,ServiceA,M.A,0,4,1,2,Sensor,1.0,211.15529106410943,212.15529106410943,3.0301123462996933,211.15529106410943
21,COMP_M,ComplexApp,ServiceD,M.E,4,10,2,2,ServiceA,1.0,212.15529106410943,213.15529106410943,212.15529106410943,212.15529106410943
19,COMP_M,ComplexApp,ServiceB,M.B,4,6,2,1,ServiceA,2.0,213.16629106410957,215.16629106410957,192.15429106410946,213.16629106410957
21,COMP_M,ComplexApp,ServiceE,M.F,10,12,2,0,ServiceD,0.04,214.15729106410944,214.19729106410944,213.15529106410943,214.15729106410944
-1,COMP_M,ComplexApp,ServiceF,M.G,12,14,0,6,ServiceE,0.09375,215.0012833333333,215.0950333333333,200.0,215.0012833333333
18,SINK_M,ComplexApp,Actuator,M.H,14,1,6,2,ServiceF,0,215.29224106410945,215.29224106410945,199.29082439744278,215.29224106410945
-1,COMP_M,ComplexApp,ServiceF,M.G,12,14,0,6,ServiceE,0.09375,220.00174999999996,220.09549999999996,202.042,220.00174999999996
-1,SINK_M,ComplexApp,Actuator,M.H,14,1,6,2,ServiceF,0,220.2925743974428,220.2925743974428,200.0,220.2925743974428
22,COMP_M,ComplexApp,ServiceA,M.A,0,4,1,2,Sensor,1.0,221.29307439744278,222.29307439744278,3.1744034104092025,221.29307439744278
22,COMP_M,ComplexApp,ServiceD,M.E,4,10,2,2,ServiceA,1.0,222.29307439744278,223.29307439744278,222.29307439744278,222.29307439744278
-1,COMP_M,ComplexApp,ServiceB,M.B,4,6,2,1,ServiceA,2.0,223.16729106410958,225.16729106410958,200.0,223.16729106410958
22,COMP_M,ComplexApp,ServiceE,M.F,10,12,2,0,ServiceD,0.04,224.2950743974428,224.33507439744278,223.29307439744278,224.2950743974428
-1,COMP_M,ComplexApp,ServiceF,M.G,12,14,0,6,ServiceE,0.09375,225.0022166666666,225.0959666666666,203.043,225.0022166666666
19,SINK_M,ComplexApp,Actuator,M.H,14,1,6,2,ServiceF,0,225.29290773077614,225.29290773077614,209.29132439744276,225.29290773077614
20,COMP_M,ComplexApp,ServiceF,M.G,12,14,0,6,ServiceE,0.09375,230.00268333333327,230.09643333333327,205.04500000000002,230.00268333333327
-1,SINK_M,ComplexApp,Actuator,M.D,8,1,8,2,ServiceC,0,230.29324106410948,230.29324106410948,200.0,230.29324106410948
23,COMP_M,ComplexApp,ServiceA,M.A,0,4,1,2,Sensor,1.0,231.29374106410947,232.29374106410947,3.3186944745187117,231.29374106410947
23,COMP_M,ComplexApp,ServiceD,M.E,4,10,2,2,ServiceA,1.0,232.29374106410947,233.29374106410947,232.29374106410947,232.29374106410947
20,COMP_M,ComplexApp,ServiceB,M.B,4,6,2,1,ServiceA,2.0,233.16829106410958,235.16829106410958,202.15479106410945,233.16829106410958
23,COMP_M,ComplexApp,ServiceE,M.F,10,12,2,0,ServiceD,0.04,234.29574106410948,234.33574106410947,233.29374106410947,234.29574106410948
21,COMP_M,ComplexApp,ServiceF,M.G,12,14,0,6,ServiceE,0.09375,235.00314999999992,235.09689999999992,214.19729106410944,235.00314999999992
-1,SINK_M,ComplexApp,Actuator,M.H,14,1,6,2,ServiceF,0,235.29357439744282,235.29357439744282,215.0950333333333,235.29357439744282
22,COMP_M,ComplexApp,ServiceF,M.G,12,14,0,6,ServiceE,0.09375,240.00361666666657,240.09736666666657,224.33507439744278,240.00361666666657
-1,SINK_M,ComplexApp,Actuator,M.H,14,1,6,2,ServiceF,0,240.29390773077617,240.29390773077617,220.09549999999996,240.29390773077617
24,COMP_M,ComplexApp,ServiceA,M.A,0,4,1,2,Sensor,1.0,241.29440773077616,242.29440773077616,3.462985538628221,241.29440773077616
24,COMP_M,ComplexApp,ServiceD,M.E,4,10,2,2,ServiceA,1.0,242.29440773077616,243.29440773077616,242.29440773077616,242.29440773077616
21,COMP_M,ComplexApp,ServiceB,M.B,4,6,2,1,ServiceA,2.0,243.1692910641096,245.1692910641096,212.15529106410943,243.1692910641096
24,COMP_M,ComplexApp,ServiceE,M.F,10,12,2,0,ServiceD,0.04,244.29640773077617,244.33640773077616,243.29440773077616,244.29640773077617
-1,SINK_M,ComplexApp,Actuator,M.H,14,1,6,2,ServiceF,0,245.2942410641095,245.2942410641095,225.0959666666666,245.2942410641095
23,COMP_M,ComplexApp,ServiceF,M.G,12,14,0,6,ServiceE,0.09375,249.33702439744278,249.43077439744278,234.33574106410947,249.33702439744278
20,SINK_M,ComplexApp,Actuator,M.H,14,1,6,2,ServiceF,0,250.29457439744286,250.29457439744286,230.09643333333327,250.29457439744286
25,COMP_M,ComplexApp,ServiceA,M.A,0,4,1,2,Sensor,1.0,251.29507439744285,252.29507439744285,3.60727660273773,251.29507439744285
25,COMP_M,ComplexApp,ServiceD,M.E,4,10,2,2,ServiceA,1.0,252.29507439744285,253.29507439744285,252.29507439744285,252.29507439744285
22,COMP_M,ComplexApp,ServiceB,M.B,4,6,2,1,ServiceA,2.0,253.1702910641096,255.1702910641096,222.29307439744278,253.1702910641096
25,COMP_M,ComplexApp,ServiceE,M.F,10,12,2,0,ServiceD,0.04,254.29707439744286,254.33707439744285,253.29507439744285,254.29707439744286
21,SINK_M,ComplexApp,Actuator,M.H,14,1,6,2,ServiceF,0,255.2949077307762,255.2949077307762,235.09689999999992,255.2949077307762
24,COMP_M,ComplexApp,ServiceF,M.G,12,14,0,6,ServiceE,0.09375,259.3376910641095,259.4314410641095,244.33640773077616,259.3376910641095
22,SINK_M,ComplexApp,Actuator,M.H,14,1,6,2,ServiceF,0,260.2952410641096,260.2952410641096,240.09736666666657,260.2952410641096
26,COMP_M,ComplexApp,ServiceA,M.A,0,4,1,2,Sensor,1.0,261.29574106410956,262.29574106410956,3.7515676668472393,261.29574106410956
26,COMP_M,ComplexApp,ServiceD,M.E,4,10,2,2,ServiceA,1.0,262.29574106410956,263.29574106410956,262.29574106410956,262.29574106410956
23,COMP_M,ComplexApp,ServiceB,M.B,4,6,2,1,ServiceA,2.0,263.1712910641096,265.1712910641096,232.29374106410947,263.1712910641096
26,COMP_M,ComplexApp,ServiceE,M.F,10,12,2,0,ServiceD,0.04,264.2977410641095,264.33774106410954,263.29574106410956,264.2977410641095
23,SINK_M,ComplexApp,Actuator,M.H,14,1,6,2,ServiceF,0,265.4321910641094,265.4321910641094,249.43077439744278,265.4321910641094
25,COMP_M,ComplexApp,ServiceF,M.G,12,14,0,6,ServiceE,0.09375,269.33835773077624,269.43210773077624,254.33707439744285,269.33835773077624
27,COMP_M,ComplexApp,ServiceA,M.A,0,4,1,2,Sensor,1.0,271.1582910641094,272.1582910641094,3.8958587309567485,271.1582910641094
27,COMP_M,ComplexApp,ServiceD,M.E,4,10,2,2,ServiceA,1.0,272.1582910641094,273.1582910641094,272.1582910641094,272.1582910641094
24,COMP_M,ComplexApp,ServiceB,M.B,4,6,2,1,ServiceA,2.0,273.1722910641096,275.1722910641096,242.29440773077616,273.1722910641096
27,COMP_M,ComplexApp,ServiceE,M.F,10,12,2,0,ServiceD,0.04,274.16029106410934,274.20029106410936,273.1582910641094,274.16029106410934
24,SINK_M,ComplexApp,Actuator,M.H,14,1,6,2,ServiceF,0,275.43285773077616,275.43285773077616,259.4314410641095,275.43285773077616
26,COMP_M,ComplexApp,ServiceF,M.G,12,14,0,6,ServiceE,0.09375,279.3390243974429,279.4327743974429,264.33774106410954,279.3390243974429
28,COMP_M,ComplexApp,ServiceA,M.A,0,4,1,2,Sensor,1.0,281.1587910641094,282.1587910641094,4.040149795066258,281.1587910641094
28,COMP_M,ComplexApp,ServiceD,M.E,4,10,2,2,ServiceA,1.0,282.1587910641094,283.1587910641094,282.1587910641094,282.1587910641094
25,COMP_M,ComplexApp,ServiceB,M.B,4,6,2,1,ServiceA,2.0,283.17329106410955,285.17329106410955,252.29507439744285,283.17329106410955
28,COMP_M,ComplexApp,ServiceE,M.F,10,12,2,0,ServiceD,0.04,284.16079106410933,284.20079106410935,283.1587910641094,284.16079106410933
25,SINK_M,ComplexApp,Actuator,M.H,14,1,6,2,ServiceF,0,285.4335243974429,285.4335243974429,269.43210773077624,285.4335243974429
27,COMP_M,ComplexApp,ServiceF,M.G,12,14,0,6,ServiceE,0.09375,289.20157439744276,289.29532439744276,274.20029106410936,289.20157439744276
29,COMP_M,ComplexApp,ServiceA,M.A,0,4,1,2,Sensor,1.0,291.15929106410937,292.15929106410937,4.184440859175767,291.15929106410937
29,COMP_M,ComplexApp,ServiceD,M.E,4,10,2,2,ServiceA,1.0,292.15929106410937,293.15929106410937,292.15929106410937,292.15929106410937
26,COMP_M,ComplexApp,ServiceB,M.B,4,6,2,1,ServiceA,2.0,293.1742910641095,295.1742910641095,262.29574106410956,293.1742910641095
29,COMP_M,ComplexApp,ServiceE,M.F,10,12,2,0,ServiceD,0.04,294.1612910641093,294.20129106410934,293.15929106410937,294.1612910641093
26,SINK_M,ComplexApp,Actuator,M.H,14,1,6,2,ServiceF,0,295.4341910641096,295.4341910641096,279.4327743974429,295.4341910641096
28,COMP_M,ComplexApp,ServiceF,M.G,12,14,0,6,ServiceE,0.09375,299.20207439744274,299.29582439744274,284.20079106410935,299.20207439744274
-1,COMP_M,ComplexApp,ServiceD,M.E,4,10,2,2,ServiceA,1.0,300,301.0,300.0,300.0
30,COMP_M,ComplexApp,ServiceA,M.A,0,4,1,2,Sensor,1.0,301.15979106410936,302.15979106410936,4.328731923285277,301.15979106410936
-1,COMP_M,ComplexApp,ServiceE,M.F,10,12,2,0,ServiceD,0.04,302.00199999999995,302.042,300.0,302.00199999999995
30,COMP_M,ComplexApp,ServiceD,M.E,4,10,2,2,ServiceA,1.0,302.15979106410936,303.15979106410936,302.15979106410936,302.15979106410936
-1,COMP_M,ComplexApp,ServiceE,M.F,10,12,2,0,ServiceD,0.04,303.00299999999993,303.04299999999995,301.0,303.00299999999993
27,COMP_M,ComplexApp,ServiceB,M.B,4,6,2,1,ServiceA,2.0,303.1752910641095,305.1752910641095,272.1582910641094,303.1752910641095
30,COMP_M,ComplexApp,ServiceE,M.F,10,12,2,0,ServiceD,0.04,305.0049999999999,305.0449999999999,303.15979106410936,305.0049999999999
27,SINK_M,ComplexApp,Actuator,M.H,14,1,6,2,ServiceF,0,305.2967410641094,305.2967410641094,289.29532439744276,305.2967410641094
29,COMP_M,ComplexApp,ServiceF,M.G,12,14,0,6,ServiceE,0.09375,309.20257439744273,309.29632439744273,294.20129106410934,309.20257439744273
31,COMP_M,ComplexApp,ServiceA,M.A,0,4,1,2,Sensor,1.0,311.16029106410934,312.16029106410934,4.473022987394787,311.16029106410934
31,COMP_M,ComplexApp,ServiceD,M.E,4,10,2,2,ServiceA,1.0,312.16029106410934,313.16029106410934,312.16029106410934,312.16029106410934
28,COMP_M,ComplexApp,ServiceB,M.B,4,6,2,1,ServiceA,2.0,313.1762910641095,315.1762910641095,282.1587910641094,313.1762910641095
31,COMP_M,ComplexApp,ServiceE,M.F,10,12,2,0,ServiceD,0.04,314.1622910641093,314.2022910641093,313.16029106410934,314.1622910641093
-1,COMP_M,ComplexApp,ServiceF,M.G,12,14,0,6,ServiceE,0.09375,315.0012833333334,315.0950333333334,300.0,315.0012833333334
28,SINK_M,ComplexApp,Actuator,M.H,14,1,6,2,ServiceF,0,315.2972410641094,315.2972410641094,299.29582439744274,315.2972410641094
-1,COMP_M,ComplexApp,ServiceF,M.G,12,14,0,6,ServiceE,0.09375,320.0017500000001,320.0955000000001,302.042,320.0017500000001
-1,SINK_M,ComplexApp,Actuator,M.H,14,1,6,2,ServiceF,0,320.29757439744276,320.29757439744276,300.0,320.29757439744276
32,COMP_M,ComplexApp,ServiceA,M.A,0,4,1,2,Sensor,1.0,321.29807439744275,322.29807439744275,4.617314051504296,321.29807439744275
32,COMP_M,ComplexApp,ServiceD,M.E,4,10,2,2,ServiceA,1.0,322.29807439744275,323.29807439744275,322.29807439744275,322.29807439744275
29,COMP_M,ComplexApp,ServiceB,M.B,4,6,2,1,ServiceA,2.0,323.17729106410945,325.17729106410945,292.15929106410937,323.17729106410945
32,COMP_M,ComplexApp,ServiceE,M.F,10,12,2,0,ServiceD,0.04,324.3000743974427,324.3400743974427,323.29807439744275,324.3000743974427
-1,COMP_M,ComplexApp,ServiceF,M.G,12,14,0,6,ServiceE,0.09375,325.00221666666675,325.09596666666675,303.04299999999995,325.00221666666675
29,SINK_M,ComplexApp,Actuator,M.H,14,1,6,2,ServiceF,0,325.2979077307761,325.2979077307761,309.29632439744273,325.2979077307761
30,COMP_M,ComplexApp,ServiceF,M.G,12,14,0,6,ServiceE,0.09375,330.00268333333344,330.09643333333344,305.0449999999999,330.00268333333344
-1,SINK_M,ComplexApp,Actuator,M.D,8,1,8,2,ServiceC,0,330.29824106410945,330.29824106410945,300.0,330.29824106410945
33,COMP_M,ComplexApp,ServiceA,M.A,0,4,1,2,Sensor,1.0,331.29874106410944,332.29874106410944,4.761605115613806,331.29874106410944
33,COMP_M,ComplexApp,ServiceD,M.E,4,10,2,2,ServiceA,1.0,332.29874106410944,333.29874106410944,332.29874106410944,332.29874106410944
-1,COMP_M,ComplexApp,ServiceB,M.B,4,6,2,1,ServiceA,2.0,333.17829106410943,335.17829106410943,300.0,333.17829106410943
33,COMP_M,ComplexApp,ServiceE,M.F,10,12,2,0,ServiceD,0.04,334.3007410641094,334.3407410641094,333.29874106410944,334.3007410641094
31,COMP_M,ComplexApp,ServiceF,M.G,12,14,0,6,ServiceE,0.09375,335.0031500000001,335.0969000000001,314.2022910641093,335.0031500000001
-1,SINK_M,ComplexApp,Actuator,M.H,14,1,6,2,ServiceF,0,335.2985743974428,335.2985743974428,315.0950333333334,335.2985743974428
32,COMP_M,ComplexApp,ServiceF,M.G,12,14,0,6,ServiceE,0.09375,340.0036166666668,340.0973666666668,324.3400743974427,340.0036166666668
-1,SINK_M,ComplexApp,Actuator,M.H,14,1,6,2,ServiceF,0,340.29890773077614,340.29890773077614,320.0955000000001,340.29890773077614
34,COMP_M,ComplexApp,ServiceA,M.A,0,4,1,2,Sensor,1.0,341.2994077307761,342.2994077307761,4.905896179723316,341.2994077307761
34,COMP_M,ComplexApp,ServiceD,M.E,4,10,2,2,ServiceA,1.0,342.2994077307761,343.2994077307761,342.2994077307761,342.2994077307761
30,COMP_M,ComplexApp,ServiceB,M.B,4,6,2,1,ServiceA,2.0,343.1792910641094,345.1792910641094,302.15979106410936,343.1792910641094
34,COMP_M,ComplexApp,ServiceE,M.F,10,12,2,0,ServiceD,0.04,344.3014077307761,344.3414077307761,343.2994077307761,344.3014077307761
-1,SINK_M,ComplexApp,Actuator,M.H,14,1,6,2,ServiceF,0,345.2992410641095,345.2992410641095,325.09596666666675,345.2992410641095
33,COMP_M,ComplexApp,ServiceF,M.G,12,14,0,6,ServiceE,0.09375,349.3420243974428,349.4357743974428,334.3407410641094,349.3420243974428
30,SINK_M,ComplexApp,Actuator,M.H,14,1,6,2,ServiceF,0,350.2995743974428,350.2995743974428,330.09643333333344,350.2995743974428
35,COMP_M,ComplexApp,ServiceA,M.A,0,4,1,2,Sensor,1.0,351.3000743974428,352.3000743974428,5.050187243832825,351.3000743974428
35,COMP_M,ComplexApp,ServiceD,M.E,4,10,2,2,ServiceA,1.0,352.3000743974428,353.3000743974428,352.3000743974428,352.3000743974428
31,COMP_M,ComplexApp,ServiceB,M.B,4,6,2,1,ServiceA,2.0,353.1802910641094,355.1802910641094,312.16029106410934,353.1802910641094
35,COMP_M,ComplexApp,ServiceE,M.F,10,12,2,0,ServiceD,0.04,354.30207439744277,354.3420743974428,353.3000743974428,354.30207439744277
31,SINK_M,ComplexApp,Actuator,M.H,14,1,6,2,ServiceF,0,355.29990773077617,355.29990773077617,335.0969000000001,355.29990773077617
34,COMP_M,ComplexApp,ServiceF,M.G,12,14,0,6,ServiceE,0.09375,359.3426910641095,359.4364410641095,344.3414077307761,359.3426910641095
32,SINK_M,ComplexApp,Actuator,M.H,14,1,6,2,ServiceF,0,360.3002410641095,360.3002410641095,340.0973666666668,360.3002410641095
36,COMP_M,ComplexApp,ServiceA,M.A,0,4,1,2,Sensor,1.0,361.3007410641095,362.3007410641095,5.194478307942335,361.3007410641095
36,COMP_M,ComplexApp,ServiceD,M.E,4,10,2,2,ServiceA,1.0,362.3007410641095,363.3007410641095,362.3007410641095,362.3007410641095
32,COMP_M,ComplexApp,ServiceB,M.B,4,6,2,1,ServiceA,2.0,363.18129106410936,365.18129106410936,322.29807439744275,363.18129106410936
36,COMP_M,ComplexApp,ServiceE,M.F,10,12,2,0,ServiceD,0.04,364.30274106410945,364.3427410641095,363.3007410641095,364.30274106410945
33,SINK_M,ComplexApp,Actuator,M.H,14,1,6,2,ServiceF,0,365.43719106410947,365.43719106410947,349.4357743974428,365.43719106410947
35,COMP_M,ComplexApp,ServiceF,M.G,12,14,0,6,ServiceE,0.09375,369.3433577307762,369.4371077307762,354.3420743974428,369.3433577307762
37,COMP_M,ComplexApp,ServiceA,M.A,0,4,1,2,Sensor,1.0,371.1632910641093,372.1632910641093,5.3387693720518445,371.1632910641093
37,COMP_M,ComplexApp,ServiceD,M.E,4,10,2,2,ServiceA,1.0,372.1632910641093,373.1632910641093,372.1632910641093,372.1632910641093
33,COMP_M,ComplexApp,ServiceB,M.B,4,6,2,1,ServiceA,2.0,373.18229106410934,375.18229106410934,332.29874106410944,373.18229106410934
37,COMP_M,ComplexApp,ServiceE,M.F,10,12,2,0,ServiceD,0.04,374.1652910641092,374.20529106410925,373.1632910641093,374.1652910641092
34,SINK_M,ComplexApp,Actuator,M.H,14,1,6,2,ServiceF,0,375.43785773077616,375.43785773077616,359.4364410641095,375.43785773077616
36,COMP_M,ComplexApp,ServiceF,M.G,12,14,0,6,ServiceE,0.09375,379.34402439744287,379.43777439744287,364.3427410641095,379.34402439744287
38,COMP_M,ComplexApp,ServiceA,M.A,0,4,1,2,Sensor,1.0,381.16379106410926,382.16379106410926,5.483060436161354,381.16379106410926
38,COMP_M,ComplexApp,ServiceD,M.E,4,10,2,2,ServiceA,1.0,382.16379106410926,383.16379106410926,382.16379106410926,382.16379106410926
34,COMP_M,ComplexApp,ServiceB,M.B,4,6,2,1,ServiceA,2.0,383.1832910641093,385.1832910641093,342.2994077307761,383.1832910641093
38,COMP_M,ComplexApp,ServiceE,M.F,10,12,2,0,ServiceD,0.04,384.1657910641092,384.20579106410923,383.16379106410926,384.1657910641092
35,SINK_M,ComplexApp,Actuator,M.H,14,1,6,2,ServiceF,0,385.43852439744285,385.43852439744285,369.4371077307762,385.43852439744285
37,COMP_M,ComplexApp,ServiceF,M.G,12,14,0,6,ServiceE,0.09375,389.20657439744264,389.30032439744264,374.20529106410925,389.20657439744264
39,COMP_M,ComplexApp,ServiceA,M.A,0,4,1,2,Sensor,1.0,391.16429106410925,392.16429106410925,5.627351500270864,391.16429106410925
39,COMP_M,ComplexApp,ServiceD,M.E,4,10,2,2,ServiceA,1.0,392.16429106410925,393.16429106410925,392.16429106410925,392.16429106410925
35,COMP_M,ComplexApp,ServiceB,M.B,4,6,2,1,ServiceA,2.0,393.1842910641093,395.1842910641093,352.3000743974428,393.1842910641093
39,COMP_M,ComplexApp,ServiceE,M.F,10,12,2,0,ServiceD,0.04,394.1662910641092,394.2062910641092,393.16429106410925,394.1662910641092
36,SINK_M,ComplexApp,Actuator,M.H,14,1,6,2,ServiceF,0,395.43919106410954,395.43919106410954,379.43777439744287,395.43919106410954
38,COMP_M,ComplexApp,ServiceF,M.G,12,14,0,6,ServiceE,0.09375,399.2070743974426,399.3008243974426,384.20579106410923,399.2070743974426
-1,COMP_M,ComplexApp,ServiceD,M.E,4,10,2,2,ServiceA,1.0,400,401.0,400.0,400.0
40,COMP_M,ComplexApp,ServiceA,M.A,0,4,1,2,Sensor,1.0,401.16479106410924,402.16479106410924,5.7716425643803735,401.16479106410924
-1,COMP_M,ComplexApp,ServiceE,M.F,10,12,2,0,ServiceD,0.04,402.00199999999995,402.042,400.0,402.00199999999995
40,COMP_M,ComplexApp,ServiceD,M.E,4,10,2,2,ServiceA,1.0,402.16479106410924,403.16479106410924,402.16479106410924,402.16479106410924
-1,COMP_M,ComplexApp,ServiceE,M.F,10,12,2,0,ServiceD,0.04,403.00299999999993,403.04299999999995,401.0,403.00299999999993
36,COMP_M,ComplexApp,ServiceB,M.B,4,6,2,1,ServiceA,2.0,403.18529106410926,405.18529106410926,362.3007410641095,403.18529106410926
40,COMP_M,ComplexApp,ServiceE,M.F,10,12,2,0,ServiceD,0.04,405.0049999999999,405.0449999999999,403.16479106410924,405.0049999999999
37,SINK_M,ComplexApp,Actuator,M.H,14,1,6,2,ServiceF,0,405.3017410641093,405.3017410641093,389.30032439744264,405.3017410641093
39,COMP_M,ComplexApp,ServiceF,M.G,12,14,0,6,ServiceE,0.09375,409.2075743974426,409.3013243974426,394.2062910641092,409.2075743974426
41,COMP_M,ComplexApp,ServiceA,M.A,0,4,1,2,Sensor,1.0,411.1652910641092,412.1652910641092,5.915933628489883,411.1652910641092
41,COMP_M,ComplexApp,ServiceD,M.E,4,10,2,2,ServiceA,1.0,412.1652910641092,413.1652910641092,412.1652910641092,412.1652910641092
37,COMP_M,ComplexApp,ServiceB,M.B,4,6,2,1,ServiceA,2.0,413.18629106410924,415.18629106410924,372.1632910641093,413.18629106410924
41,COMP_M,ComplexApp,ServiceE,M.F,10,12,2,0,ServiceD,0.04,414.1672910641092,414.2072910641092,413.1652910641092,414.1672910641092
-1,COMP_M,ComplexApp,ServiceF,M.G,12,14,0,6,ServiceE,0.09375,415.0012833333334,415.0950333333334,400.0,415.0012833333334
38,SINK_M,ComplexApp,Actuator,M.H,14,1,6,2,ServiceF,0,415.3022410641093,415.3022410641093,399.3008243974426,415.3022410641093
-1,COMP_M,ComplexApp,ServiceF,M.G,12,14,0,6,ServiceE,0.09375,420.0017500000001,420.0955000000001,402.042,420.0017500000001
-1,SINK_M,ComplexApp,Actuator,M.H,14,1,6,2,ServiceF,0,420.30257439744264,420.30257439744264,400.0,420.30257439744264
42,COMP_M,ComplexApp,ServiceA,M.A,0,4,1,2,Sensor,1.0,421.30307439744263,422.30307439744263,6.060224692599393,421.30307439744263
42,COMP_M,ComplexApp,ServiceD,M.E,4,10,2,2,ServiceA,1.0,422.30307439744263,423.30307439744263,422.30307439744263,422.30307439744263
38,COMP_M,ComplexApp,ServiceB,M.B,4,6,2,1,ServiceA,2.0,423.1872910641092,425.1872910641092,382.16379106410926,423.1872910641092
42,COMP_M,ComplexApp,ServiceE,M.F,10,12,2,0,ServiceD,0.04,424.3050743974426,424.3450743974426,423.30307439744263,424.3050743974426
-1,COMP_M,ComplexApp,ServiceF,M.G,12,14,0,6,ServiceE,0.09375,425.00221666666675,425.09596666666675,403.04299999999995,425.00221666666675
39,SINK_M,ComplexApp,Actuator,M.H,14,1,6,2,ServiceF,0,425.302907730776,425.302907730776,409.3013243974426,425.302907730776
40,COMP_M,ComplexApp,ServiceF,M.G,12,14,0,6,ServiceE,0.09375,430.00268333333344,430.09643333333344,405.0449999999999,430.00268333333344
-1,SINK_M,ComplexApp,Actuator,M.D,8,1,8,2,ServiceC,0,430.30324106410933,430.30324106410933,400.0,430.30324106410933
43,COMP_M,ComplexApp,ServiceA,M.A,0,4,1,2,Sensor,1.0,431.3037410641093,432.3037410641093,6.204515756708902,431.3037410641093
43,COMP_M,ComplexApp,ServiceD,M.E,4,10,2,2,ServiceA,1.0,432.3037410641093,433.3037410641093,432.3037410641093,432.3037410641093
39,COMP_M,ComplexApp,ServiceB,M.B,4,6,2,1,ServiceA,2.0,433.1882910641092,435.1882910641092,392.16429106410925,433.1882910641092
43,COMP_M,ComplexApp,ServiceE,M.F,10,12,2,0,ServiceD,0.04,434.30574106410927,434.3457410641093,433.3037410641093,434.30574106410927
41,COMP_M,ComplexApp,ServiceF,M.G,12,14,0,6,ServiceE,0.09375,435.0031500000001,435.0969000000001,414.2072910641092,435.0031500000001
-1,SINK_M,ComplexApp,Actuator,M.H,14,1,6,2,ServiceF,0,435.3035743974427,435.3035743974427,415.0950333333334,435.3035743974427
42,COMP_M,ComplexApp,ServiceF,M.G,12,14,0,6,ServiceE,0.09375,440.0036166666668,440.0973666666668,424.3450743974426,440.0036166666668
-1,SINK_M,ComplexApp,Actuator,M.H,14,1,6,2,ServiceF,0,440.303907730776,440.303907730776,420.0955000000001,440.303907730776
44,COMP_M,ComplexApp,ServiceA,M.A,0,4,1,2,Sensor,1.0,441.304407730776,442.304407730776,6.348806820818412,441.304407730776
44,COMP_M,ComplexApp,ServiceD,M.E,4,10,2,2,ServiceA,1.0,442.304407730776,443.304407730776,442.304407730776,442.304407730776
-1,COMP_M,ComplexApp,ServiceB,M.B,4,6,2,1,ServiceA,2.0,443.18929106410917,445.18929106410917,400.0,443.18929106410917
44,COMP_M,ComplexApp,ServiceE,M.F,10,12,2,0,ServiceD,0.04,444.30640773077596,444.346407730776,443.304407730776,444.30640773077596
-1,SINK_M,ComplexApp,Actuator,M.H,14,1,6,2,ServiceF,0,445.30424106410936,445.30424106410936,425.09596666666675,445.30424106410936
43,COMP_M,ComplexApp,ServiceF,M.G,12,14,0,6,ServiceE,0.09375,449.3470243974427,449.4407743974427,434.3457410641093,449.3470243974427
40,SINK_M,ComplexApp,Actuator,M.H,14,1,6,2,ServiceF,0,450.3045743974427,450.3045743974427,430.09643333333344,450.3045743974427
45,COMP_M,ComplexApp,ServiceA,M.A,0,4,1,2,Sensor,1.0,451.3050743974427,452.3050743974427,6.493097884927922,451.3050743974427
45,COMP_M,ComplexApp,ServiceD,M.E,4,10,2,2,ServiceA,1.0,452.3050743974427,453.3050743974427,452.3050743974427,452.3050743974427
40,COMP_M,ComplexApp,ServiceB,M.B,4,6,2,1,ServiceA,2.0,453.19029106410915,455.19029106410915,402.16479106410924,453.19029106410915
45,COMP_M,ComplexApp,ServiceE,M.F,10,12,2,0,ServiceD,0.04,454.30707439744265,454.34707439744267,453.3050743974427,454.30707439744265
41,SINK_M,ComplexApp,Actuator,M.H,14,1,6,2,ServiceF,0,455.30490773077605,455.30490773077605,435.0969000000001,455.30490773077605
44,COMP_M,ComplexApp,ServiceF,M.G,12,14,0,6,ServiceE,0.09375,459.34769106410937,459.44144106410937,444.346407730776,459.34769106410937
42,SINK_M,ComplexApp,Actuator,M.H,14,1,6,2,ServiceF,0,460.3052410641094,460.3052410641094,440.0973666666668,460.3052410641094
46,COMP_M,ComplexApp,ServiceA,M.A,0,4,1,2,Sensor,1.0,461.3057410641094,462.3057410641094,6.637388949037431,461.3057410641094
46,COMP_M,ComplexApp,ServiceD,M.E,4,10,2,2,ServiceA,1.0,462.3057410641094,463.3057410641094,462.3057410641094,462.3057410641094
41,COMP_M,ComplexApp,ServiceB,M.B,4,6,2,1,ServiceA,2.0,463.1912910641091,465.1912910641091,412.1652910641092,463.1912910641091
46,COMP_M,ComplexApp,ServiceE,M.F,10,12,2,0,ServiceD,0.04,464.30774106410934,464.34774106410936,463.3057410641094,464.30774106410934
43,SINK_M,ComplexApp,Actuator,M.H,14,1,6,2,ServiceF,0,465.44219106410935,465.44219106410935,449.4407743974427,465.44219106410935
45,COMP_M,ComplexApp,ServiceF,M.G,12,14,0,6,ServiceE,0.09375,469.34835773077606,469.44210773077606,454.34707439744267,469.34835773077606
47,COMP_M,ComplexApp,ServiceA,M.A,0,4,1,2,Sensor,1.0,471.16829106410916,472.16829106410916,6.781680013146941,471.16829106410916
47,COMP_M,ComplexApp,ServiceD,M.E,4,10,2,2,ServiceA,1.0,472.16829106410916,473.16829106410916,472.16829106410916,472.16829106410916
42,COMP_M,ComplexApp,ServiceB,M.B,4,6,2,1,ServiceA,2.0,473.1922910641091,475.1922910641091,422.30307439744263,473.1922910641091
47,COMP_M,ComplexApp,ServiceE,M.F,10,12,2,0,ServiceD,0.04,474.1702910641091,474.21029106410913,473.16829106410916,474.1702910641091
44,SINK_M,ComplexApp,Actuator,M.H,14,1,6,2,ServiceF,0,475.44285773077604,475.44285773077604,459.44144106410937,475.44285773077604
46,COMP_M,ComplexApp,ServiceF,M.G,12,14,0,6,ServiceE,0.09375,479.34902439744275,479.44277439744275,464.34774106410936,479.34902439744275
48,COMP_M,ComplexApp,ServiceA,M.A,0,4,1,2,Sensor,1.0,481.16879106410914,482.16879106410914,6.925971077256451,481.16879106410914
48,COMP_M,ComplexApp,ServiceD,M.E,4,10,2,2,ServiceA,1.0,482.16879106410914,483.16879106410914,482.16879106410914,482.16879106410914
43,COMP_M,ComplexApp,ServiceB,M.B,4,6,2,1,ServiceA,2.0,483.1932910641091,485.1932910641091,432.3037410641093,483.1932910641091
48,COMP_M,ComplexApp,ServiceE,M.F,10,12,2,0,ServiceD,0.04,484.1707910641091,484.2107910641091,483.16879106410914,484.1707910641091
45,SINK_M,ComplexApp,Actuator,M.H,14,1,6,2,ServiceF,0,485.44352439744273,485.44352439744273,469.44210773077606,485.44352439744273
47,COMP_M,ComplexApp,ServiceF,M.G,12,14,0,6,ServiceE,0.09375,489.2115743974425,489.3053243974425,474.21029106410913,489.2115743974425
49,COMP_M,ComplexApp,ServiceA,M.A,0,4,1,2,Sensor,1.0,491.16929106410913,492.16929106410913,7.07026214136596,491.16929106410913
49,COMP_M,ComplexApp,ServiceD,M.E,4,10,2,2,ServiceA,1.0,492.16929106410913,493.16929106410913,492.16929106410913,492.16929106410913
44,COMP_M,ComplexApp,ServiceB,M.B,4,6,2,1,ServiceA,2.0,493.19429106410905,495.19429106410905,442.304407730776,493.19429106410905
49,COMP_M,ComplexApp,ServiceE,M.F,10,12,2,0,ServiceD,0.04,494.1712910641091,494.2112910641091,493.16929106410913,494.1712910641091
46,SINK_M,ComplexApp,Actuator,M.H,14,1,6,2,ServiceF,0,495.4441910641094,495.4441910641094,479.44277439744275,495.4441910641094
48,COMP_M,ComplexApp,ServiceF,M.G,12,14,0,6,ServiceE,0.09375,499.2120743974425,499.3058243974425,484.2107910641091,499.2120743974425
-1,COMP_M,ComplexApp,ServiceD,M.E,4,10,2,2,ServiceA,1.0,500,501.0,500.0,500.0
50,COMP_M,ComplexApp,ServiceA,M.A,0,4,1,2,Sensor,1.0,501.1697910641091,502.1697910641091,7.21455320547547,501.1697910641091
-1,COMP_M,ComplexApp,ServiceE,M.F,10,12,2,0,ServiceD,0.04,502.00199999999995,502.042,500.0,502.00199999999995
50,COMP_M,ComplexApp,ServiceD,M.E,4,10,2,2,ServiceA,1.0,502.1697910641091,503.1697910641091,502.1697910641091,502.1697910641091
-1,COMP_M,ComplexApp,ServiceE,M.F,10,12,2,0,ServiceD,0.04,503.00299999999993,503.04299999999995,501.0,503.00299999999993
45,COMP_M,ComplexApp,ServiceB,M.B,4,6,2,1,ServiceA,2.0,503.195291064109,505.195291064109,452.3050743974427,503.195291064109
50,COMP_M,ComplexApp,ServiceE,M.F,10,12,2,0,ServiceD,0.04,505.0049999999999,505.0449999999999,503.1697910641091,505.0049999999999
47,SINK_M,ComplexApp,Actuator,M.H,14,1,6,2,ServiceF,0,505.3067410641092,505.3067410641092,489.3053243974425,505.3067410641092
49,COMP_M,ComplexApp,ServiceF,M.G,12,14,0,6,ServiceE,0.09375,509.2125743974425,509.3063243974425,494.2112910641091,509.2125743974425
51,COMP_M,ComplexApp,ServiceA,M.A,0,4,1,2,Sensor,1.0,511.1702910641091,512.170291064109,7.35884426958498,511.1702910641091
51,COMP_M,ComplexApp,ServiceD,M.E,4,10,2,2,ServiceA,1.0,512.170291064109,513.170291064109,512.170291064109,512.170291064109
46,COMP_M,ComplexApp,ServiceB,M.B,4,6,2,1,ServiceA,2.0,513.196291064109,515.196291064109,462.3057410641094,513.196291064109
51,COMP_M,ComplexApp,ServiceE,M.F,10,12,2,0,ServiceD,0.04,514.172291064109,514.212291064109,513.170291064109,514.172291064109
-1,COMP_M,ComplexApp,ServiceF,M.G,12,14,0,6,ServiceE,0.09375,515.0012833333334,515.0950333333334,500.0,515.0012833333334
48,SINK_M,ComplexApp,Actuator,M.H,14,1,6,2,ServiceF,0,515.3072410641092,515.3072410641092,499.3058243974425,515.3072410641092
-1,COMP_M,ComplexApp,ServiceF,M.G,12,14,0,6,ServiceE,0.09375,520.00175,520.0955,502.042,520.00175
-1,SINK_M,ComplexApp,Actuator,M.H,14,1,6,2,ServiceF,0,520.3075743974425,520.3075743974425,500.0,520.3075743974425
52,COMP_M,ComplexApp,ServiceA,M.A,0,4,1,2,Sensor,1.0,521.3080743974425,522.3080743974425,7.503135333694489,521.3080743974425
52,COMP_M,ComplexApp,ServiceD,M.E,4,10,2,2,ServiceA,1.0,522.3080743974425,523.3080743974425,522.3080743974425,522.3080743974425
47,COMP_M,ComplexApp,ServiceB,M.B,4,6,2,1,ServiceA,2.0,523.197291064109,525.197291064109,472.16829106410916,523.197291064109
52,COMP_M,ComplexApp,ServiceE,M.F,10,12,2,0,ServiceD,0.04,524.3100743974425,524.3500743974424,523.3080743974425,524.3100743974425
-1,COMP_M,ComplexApp,ServiceF,M.G,12,14,0,6,ServiceE,0.09375,525.0022166666666,525.0959666666666,503.04299999999995,525.0022166666666
49,SINK_M,ComplexApp,Actuator,M.H,14,1,6,2,ServiceF,0,525.3079077307758,525.3079077307758,509.3063243974425,525.3079077307758
50,COMP_M,ComplexApp,ServiceF,M.G,12,14,0,6,ServiceE,0.09375,530.0026833333333,530.0964333333333,505.0449999999999,530.0026833333333
-1,SINK_M,ComplexApp,Actuator,M.D,8,1,8,2,ServiceC,0,530.3082410641091,530.3082410641091,500.0,530.3082410641091
53,COMP_M,ComplexApp,ServiceA,M.A,0,4,1,2,Sensor,1.0,531.3087410641091,532.3087410641091,7.647426397803999,531.3087410641091
53,COMP_M,ComplexApp,ServiceD,M.E,4,10,2,2,ServiceA,1.0,532.3087410641091,533.3087410641091,532.3087410641091,532.3087410641091
48,COMP_M,ComplexApp,ServiceB,M.B,4,6,2,1,ServiceA,2.0,533.198291064109,535.198291064109,482.16879106410914,533.198291064109
53,COMP_M,ComplexApp,ServiceE,M.F,10,12,2,0,ServiceD,0.04,534.310741064109,534.350741064109,533.3087410641091,534.310741064109
51,COMP_M,ComplexApp,ServiceF,M.G,12,14,0,6,ServiceE,0.09375,535.0031499999999,535.0968999999999,514.212291064109,535.0031499999999
-1,SINK_M,ComplexApp,Actuator,M.H,14,1,6,2,ServiceF,0,535.3085743974424,535.3085743974424,515.0950333333334,535.3085743974424
52,COMP_M,ComplexApp,ServiceF,M.G,12,14,0,6,ServiceE,0.09375,540.0036166666665,540.0973666666665,524.3500743974424,540.0036166666665
-1,SINK_M,ComplexApp,Actuator,M.H,14,1,6,2,ServiceF,0,540.3089077307757,540.3089077307757,520.0955,540.3089077307757
54,COMP_M,ComplexApp,ServiceA,M.A,0,4,1,2,Sensor,1.0,541.3094077307757,542.3094077307757,7.791717461913509,541.3094077307757
54,COMP_M,ComplexApp,ServiceD,M.E,4,10,2,2,ServiceA,1.0,542.3094077307757,543.3094077307757,542.3094077307757,542.3094077307757
49,COMP_M,ComplexApp,ServiceB,M.B,4,6,2,1,ServiceA,2.0,543.1992910641089,545.1992910641089,492.16929106410913,543.1992910641089
54,COMP_M,ComplexApp,ServiceE,M.F,10,12,2,0,ServiceD,0.04,544.3114077307756,544.3514077307756,543.3094077307757,544.3114077307756
-1,SINK_M,ComplexApp,Actuator,M.H,14,1,6,2,ServiceF,0,545.309241064109,545.309241064109,525.0959666666666,545.309241064109
53,COMP_M,ComplexApp,ServiceF,M.G,12,14,0,6,ServiceE,0.09375,549.3520243974423,549.4457743974423,534.350741064109,549.3520243974423
50,SINK_M,ComplexApp,Actuator,M.H,14,1,6,2,ServiceF,0,550.3095743974422,550.3095743974422,530.0964333333333,550.3095743974422
55,COMP_M,ComplexApp,ServiceA,M.A,0,4,1,2,Sensor,1.0,551.3100743974422,552.3100743974422,7.936008526023018,551.3100743974422
55,COMP_M,ComplexApp,ServiceD,M.E,4,10,2,2,ServiceA,1.0,552.3100743974422,553.3100743974422,552.3100743974422,552.3100743974422
-1,COMP_M,ComplexApp,ServiceB,M.B,4,6,2,1,ServiceA,2.0,553.2002910641089,555.2002910641089,500.0,553.2002910641089
55,COMP_M,ComplexApp,ServiceE,M.F,10,12,2,0,ServiceD,0.04,554.3120743974422,554.3520743974422,553.3100743974422,554.3120743974422
51,SINK_M,ComplexApp,Actuator,M.H,14,1,6,2,ServiceF,0,555.3099077307755,555.3099077307755,535.0968999999999,555.3099077307755
54,COMP_M,ComplexApp,ServiceF,M.G,12,14,0,6,ServiceE,0.09375,559.3526910641089,559.4464410641089,544.3514077307756,559.3526910641089
52,SINK_M,ComplexApp,Actuator,M.H,14,1,6,2,ServiceF,0,560.3102410641088,560.3102410641088,540.0973666666665,560.3102410641088
56,COMP_M,ComplexApp,ServiceA,M.A,0,4,1,2,Sensor,1.0,561.3107410641088,562.3107410641088,8.080299590132528,561.3107410641088
56,COMP_M,ComplexApp,ServiceD,M.E,4,10,2,2,ServiceA,1.0,562.3107410641088,563.3107410641088,562.3107410641088,562.3107410641088
50,COMP_M,ComplexApp,ServiceB,M.B,4,6,2,1,ServiceA,2.0,563.2012910641089,565.2012910641089,502.1697910641091,563.2012910641089
56,COMP_M,ComplexApp,ServiceE,M.F,10,12,2,0,ServiceD,0.04,564.3127410641088,564.3527410641087,563.3107410641088,564.3127410641088
53,SINK_M,ComplexApp,Actuator,M.H,14,1,6,2,ServiceF,0,565.4471910641089,565.4471910641089,549.4457743974423,565.4471910641089
55,COMP_M,ComplexApp,ServiceF,M.G,12,14,0,6,ServiceE,0.09375,569.3533577307754,569.4471077307754,554.3520743974422,569.3533577307754
57,COMP_M,ComplexApp,ServiceA,M.A,0,4,1,2,Sensor,1.0,571.1732910641091,572.1732910641091,8.224590654242038,571.1732910641091
57,COMP_M,ComplexApp,ServiceD,M.E,4,10,2,2,ServiceA,1.0,572.1732910641091,573.1732910641091,572.1732910641091,572.1732910641091
51,COMP_M,ComplexApp,ServiceB,M.B,4,6,2,1,ServiceA,2.0,573.2022910641089,575.2022910641089,512.170291064109,573.2022910641089
57,COMP_M,ComplexApp,ServiceE,M.F,10,12,2,0,ServiceD,0.04,574.175291064109,574.215291064109,573.1732910641091,574.175291064109
54,SINK_M,ComplexApp,Actuator,M.H,14,1,6,2,ServiceF,0,575.4478577307755,575.4478577307755,559.4464410641089,575.4478577307755
56,COMP_M,ComplexApp,ServiceF,M.G,12,14,0,6,ServiceE,0.09375,579.354024397442,579.447774397442,564.3527410641087,579.354024397442
58,COMP_M,ComplexApp,ServiceA,M.A,0,4,1,2,Sensor,1.0,581.1737910641091,582.1737910641091,8.368881718351547,581.1737910641091
58,COMP_M,ComplexApp,ServiceD,M.E,4,10,2,2,ServiceA,1.0,582.1737910641091,583.1737910641091,582.1737910641091,582.1737910641091
52,COMP_M,ComplexApp,ServiceB,M.B,4,6,2,1,ServiceA,2.0,583.2032910641088,585.2032910641088,522.3080743974425,583.2032910641088
58,COMP_M,ComplexApp,ServiceE,M.F,10,12,2,0,ServiceD,0.04,584.175791064109,584.215791064109,583.1737910641091,584.175791064109
55,SINK_M,ComplexApp,Actuator,M.H,14,1,6,2,ServiceF,0,585.448524397442,585.448524397442,569.4471077307754,585.448524397442
57,COMP_M,ComplexApp,ServiceF,M.G,12,14,0,6,ServiceE,0.09375,589.2165743974423,589.3103243974423,574.215291064109,589.2165743974423
59,COMP_M,ComplexApp,ServiceA,M.A,0,4,1,2,Sensor,1.0,591.1742910641091,592.1742910641091,8.513172782461057,591.1742910641091
59,COMP_M,ComplexApp,ServiceD,M.E,4,10,2,2,ServiceA,1.0,592.1742910641091,593.1742910641091,592.1742910641091,592.1742910641091
53,COMP_M,ComplexApp,ServiceB,M.B,4,6,2,1,ServiceA,2.0,593.2042910641088,595.2042910641088,532.3087410641091,593.2042910641088
59,COMP_M,ComplexApp,ServiceE,M.F,10,12,2,0,ServiceD,0.04,594.176291064109,594.216291064109,593.1742910641091,594.176291064109
56,SINK_M,ComplexApp,Actuator,M.H,14,1,6,2,ServiceF,0,595.4491910641086,595.4491910641086,579.447774397442,595.4491910641086
58,COMP_M,ComplexApp,ServiceF,M.G,12,14,0,6,ServiceE,0.09375,599.2170743974423,599.3108243974423,584.215791064109,599.2170743974423
-1,COMP_M,ComplexApp,ServiceD,M.E,4,10,2,2,ServiceA,1.0,600,601.0,600.0,600.0
60,COMP_M,ComplexApp,ServiceA,M.A,0,4,1,2,Sensor,1.0,601.1747910641091,602.1747910641091,8.657463846570566,601.1747910641091
-1,COMP_M,ComplexApp,ServiceE,M.F,10,12,2,0,ServiceD,0.04,602.002,602.0419999999999,600.0,602.002
60,COMP_M,ComplexApp,ServiceD,M.E,4,10,2,2,ServiceA,1.0,602.1747910641091,603.1747910641091,602.1747910641091,602.1747910641091
-1,COMP_M,ComplexApp,ServiceE,M.F,10,12,2,0,ServiceD,0.04,603.0029999999999,603.0429999999999,601.0,603.0029999999999
54,COMP_M,ComplexApp,ServiceB,M.B,4,6,2,1,ServiceA,2.0,603.2052910641088,605.2052910641088,542.3094077307757,603.2052910641088
60,COMP_M,ComplexApp,ServiceE,M.F,10,12,2,0,ServiceD,0.04,605.0049999999999,605.0449999999998,603.1747910641091,605.0049999999999
57,SINK_M,ComplexApp,Actuator,M.H,14,1,6,2,ServiceF,0,605.3117410641089,605.3117410641089,589.3103243974423,605.3117410641089
59,COMP_M,ComplexApp,ServiceF,M.G,12,14,0,6,ServiceE,0.09375,609.2175743974423,609.3113243974423,594.216291064109,609.2175743974423
61,COMP_M,ComplexApp,ServiceA,M.A,0,4,1,2,Sensor,1.0,611.175291064109,612.175291064109,8.801754910680076,611.175291064109
61,COMP_M,ComplexApp,ServiceD,M.E,4,10,2,2,ServiceA,1.0,612.175291064109,613.175291064109,612.175291064109,612.175291064109
55,COMP_M,ComplexApp,ServiceB,M.B,4,6,2,1,ServiceA,2.0,613.2062910641088,615.2062910641088,552.3100743974422,613.2062910641088
61,COMP_M,ComplexApp,ServiceE,M.F,10,12,2,0,ServiceD,0.04,614.177291064109,614.217291064109,613.175291064109,614.177291064109
-1,COMP_M,ComplexApp,ServiceF,M.G,12,14,0,6,ServiceE,0.09375,615.0012833333333,615.0950333333333,600.0,615.0012833333333
58,SINK_M,ComplexApp,Actuator,M.H,14,1,6,2,ServiceF,0,615.3122410641089,615.3122410641089,599.3108243974423,615.3122410641089
-1,COMP_M,ComplexApp,ServiceF,M.G,12,14,0,6,ServiceE,0.09375,620.0017499999999,620.0954999999999,602.0419999999999,620.0017499999999
-1,SINK_M,ComplexApp,Actuator,M.H,14,1,6,2,ServiceF,0,620.3125743974422,620.3125743974422,600.0,620.3125743974422
62,COMP_M,ComplexApp,ServiceA,M.A,0,4,1,2,Sensor,1.0,621.3130743974422,622.3130743974422,8.946045974789586,621.3130743974422
62,COMP_M,ComplexApp,ServiceD,M.E,4,10,2,2,ServiceA,1.0,622.3130743974422,623.3130743974422,622.3130743974422,622.3130743974422
56,COMP_M,ComplexApp,ServiceB,M.B,4,6,2,1,ServiceA,2.0,623.2072910641087,625.2072910641087,562.3107410641088,623.2072910641087
62,COMP_M,ComplexApp,ServiceE,M.F,10,12,2,0,ServiceD,0.04,624.3150743974421,624.3550743974421,623.3130743974422,624.3150743974421
-1,COMP_M,ComplexApp,ServiceF,M.G,12,14,0,6,ServiceE,0.09375,625.0022166666665,625.0959666666665,603.0429999999999,625.0022166666665
59,SINK_M,ComplexApp,Actuator,M.H,14,1,6,2,ServiceF,0,625.3129077307755,625.3129077307755,609.3113243974423,625.3129077307755
60,COMP_M,ComplexApp,ServiceF,M.G,12,14,0,6,ServiceE,0.09375,630.0026833333332,630.0964333333332,605.0449999999998,630.0026833333332
-1,SINK_M,ComplexApp,Actuator,M.D,8,1,8,2,ServiceC,0,630.3132410641088,630.3132410641088,600.0,630.3132410641088
63,COMP_M,ComplexApp,ServiceA,M.A,0,4,1,2,Sensor,1.0,631.3137410641087,632.3137410641087,9.090337038899095,631.3137410641087
63,COMP_M,ComplexApp,ServiceD,M.E,4,10,2,2,ServiceA,1.0,632.3137410641087,633.3137410641087,632.3137410641087,632.3137410641087
57,COMP_M,ComplexApp,ServiceB,M.B,4,6,2,1,ServiceA,2.0,633.2082910641087,635.2082910641087,572.1732910641091,633.2082910641087
63,COMP_M,ComplexApp,ServiceE,M.F,10,12,2,0,ServiceD,0.04,634.3157410641087,634.3557410641087,633.3137410641087,634.3157410641087
61,COMP_M,ComplexApp,ServiceF,M.G,12,14,0,6,ServiceE,0.09375,635.0031499999998,635.0968999999998,614.217291064109,635.0031499999998
-1,SINK_M,ComplexApp,Actuator,M.H,14,1,6,2,ServiceF,0,635.313574397442,635.313574397442,615.0950333333333,635.313574397442
62,COMP_M,ComplexApp,ServiceF,M.G,12,14,0,6,ServiceE,0.09375,640.0036166666664,640.0973666666664,624.3550743974421,640.0036166666664
-1,SINK_M,ComplexApp,Actuator,M.H,14,1,6,2,ServiceF,0,640.3139077307753,640.3139077307753,620.0954999999999,640.3139077307753
64,COMP_M,ComplexApp,ServiceA,M.A,0,4,1,2,Sensor,1.0,641.3144077307753,642.3144077307753,9.234628103008605,641.3144077307753
64,COMP_M,ComplexApp,ServiceD,M.E,4,10,2,2,ServiceA,1.0,642.3144077307753,643.3144077307753,642.3144077307753,642.3144077307753
58,COMP_M,ComplexApp,ServiceB,M.B,4,6,2,1,ServiceA,2.0,643.2092910641087,645.2092910641087,582.1737910641091,643.2092910641087
64,COMP_M,ComplexApp,ServiceE,M.F,10,12,2,0,ServiceD,0.04,644.3164077307753,644.3564077307752,643.3144077307753,644.3164077307753
-1,SINK_M,ComplexApp,Actuator,M.H,14,1,6,2,ServiceF,0,645.3142410641086,645.3142410641086,625.0959666666665,645.3142410641086
63,COMP_M,ComplexApp,ServiceF,M.G,12,14,0,6,ServiceE,0.09375,649.3570243974419,649.4507743974419,634.3557410641087,649.3570243974419
60,SINK_M,ComplexApp,Actuator,M.H,14,1,6,2,ServiceF,0,650.3145743974419,650.3145743974419,630.0964333333332,650.3145743974419
65,COMP_M,ComplexApp,ServiceA,M.A,0,4,1,2,Sensor,1.0,651.3150743974419,652.3150743974419,9.378919167118115,651.3150743974419
65,COMP_M,ComplexApp,ServiceD,M.E,4,10,2,2,ServiceA,1.0,652.3150743974419,653.3150743974419,652.3150743974419,652.3150743974419
59,COMP_M,ComplexApp,ServiceB,M.B,4,6,2,1,ServiceA,2.0,653.2102910641087,655.2102910641087,592.1742910641091,653.2102910641087
65,COMP_M,ComplexApp,ServiceE,M.F,10,12,2,0,ServiceD,0.04,654.3170743974418,654.3570743974418,653.3150743974419,654.3170743974418
61,SINK_M,ComplexApp,Actuator,M.H,14,1,6,2,ServiceF,0,655.3149077307752,655.3149077307752,635.0968999999998,655.3149077307752
64,COMP_M,ComplexApp,ServiceF,M.G,12,14,0,6,ServiceE,0.09375,659.3576910641085,659.4514410641085,644.3564077307752,659.3576910641085
62,SINK_M,ComplexApp,Actuator,M.H,14,1,6,2,ServiceF,0,660.3152410641085,660.3152410641085,640.0973666666664,660.3152410641085
66,COMP_M,ComplexApp,ServiceA,M.A,0,4,1,2,Sensor,1.0,661.3157410641085,662.3157410641085,9.523210231227624,661.3157410641085
66,COMP_M,ComplexApp,ServiceD,M.E,4,10,2,2,ServiceA,1.0,662.3157410641085,663.3157410641085,662.3157410641085,662.3157410641085
-1,COMP_M,ComplexApp,ServiceB,M.B,4,6,2,1,ServiceA,2.0,663.2112910641087,665.2112910641087,600.0,663.2112910641087
66,COMP_M,ComplexApp,ServiceE,M.F,10,12,2,0,ServiceD,0.04,664.3177410641084,664.3577410641084,663.3157410641085,664.3177410641084
63,SINK_M,ComplexApp,Actuator,M.H,14,1,6,2,ServiceF,0,665.4521910641085,665.4521910641085,649.4507743974419,665.4521910641085
65,COMP_M,ComplexApp,ServiceF,M.G,12,14,0,6,ServiceE,0.09375,669.3583577307751,669.4521077307751,654.3570743974418,669.3583577307751
67,COMP_M,ComplexApp,ServiceA,M.A,0,4,1,2,Sensor,1.0,671.178291064109,672.178291064109,9.667501295337134,671.178291064109
67,COMP_M,ComplexApp,ServiceD,M.E,4,10,2,2,ServiceA,1.0,672.178291064109,673.178291064109,672.178291064109,672.178291064109
60,COMP_M,ComplexApp,ServiceB,M.B,4,6,2,1,ServiceA,2.0,673.2122910641086,675.2122910641086,602.1747910641091,673.2122910641086
67,COMP_M,ComplexApp,ServiceE,M.F,10,12,2,0,ServiceD,0.04,674.1802910641089,674.2202910641089,673.178291064109,674.1802910641089
64,SINK_M,ComplexApp,Actuator,M.H,14,1,6,2,ServiceF,0,675.4528577307751,675.4528577307751,659.4514410641085,675.4528577307751
66,COMP_M,ComplexApp,ServiceF,M.G,12,14,0,6,ServiceE,0.09375,679.3590243974417,679.4527743974417,664.3577410641084,679.3590243974417
68,COMP_M,ComplexApp,ServiceA,M.A,0,4,1,2,Sensor,1.0,681.178791064109,682.178791064109,9.811792359446644,681.178791064109
68,COMP_M,ComplexApp,ServiceD,M.E,4,10,2,2,ServiceA,1.0,682.178791064109,683.178791064109,682.178791064109,682.178791064109
61,COMP_M,ComplexApp,ServiceB,M.B,4,6,2,1,ServiceA,2.0,683.2132910641086,685.2132910641086,612.175291064109,683.2132910641086
68,COMP_M,ComplexApp,ServiceE,M.F,10,12,2,0,ServiceD,0.04,684.1807910641089,684.2207910641089,683.178791064109,684.1807910641089
65,SINK_M,ComplexApp,Actuator,M.H,14,1,6,2,ServiceF,0,685.4535243974417,685.4535243974417,669.4521077307751,685.4535243974417
67,COMP_M,ComplexApp,ServiceF,M.G,12,14,0,6,ServiceE,0.09375,689.2215743974422,689.3153243974422,674.2202910641089,689.2215743974422
69,COMP_M,ComplexApp,ServiceA,M.A,0,4,1,2,Sensor,1.0,691.179291064109,692.179291064109,9.956083423556153,691.179291064109
69,COMP_M,ComplexApp,ServiceD,M.E,4,10,2,2,ServiceA,1.0,692.179291064109,693.179291064109,692.179291064109,692.179291064109
62,COMP_M,ComplexApp,ServiceB,M.B,4,6,2,1,ServiceA,2.0,693.2142910641086,695.2142910641086,622.3130743974422,693.2142910641086
69,COMP_M,ComplexApp,ServiceE,M.F,10,12,2,0,ServiceD,0.04,694.1812910641089,694.2212910641089,693.179291064109,694.1812910641089
66,SINK_M,ComplexApp,Actuator,M.H,14,1,6,2,ServiceF,0,695.4541910641083,695.4541910641083,679.4527743974417,695.4541910641083
68,COMP_M,ComplexApp,ServiceF,M.G,12,14,0,6,ServiceE,0.09375,699.2220743974422,699.3158243974422,684.2207910641089,699.2220743974422
-1,COMP_M,ComplexApp,ServiceD,M.E,4,10,2,2,ServiceA,1.0,700,701.0,700.0,700.0
70,COMP_M,ComplexApp,ServiceA,M.A,0,4,1,2,Sensor,1.0,701.1797910641089,702.1797910641089,10.100374487665663,701.1797910641089
-1,COMP_M,ComplexApp,ServiceE,M.F,10,12,2,0,ServiceD,0.04,702.002,702.0419999999999,700.0,702.002
70,COMP_M,ComplexApp,ServiceD,M.E,4,10,2,2,ServiceA,1.0,702.1797910641089,703.1797910641089,702.1797910641089,702.1797910641089
-1,COMP_M,ComplexApp,ServiceE,M.F,10,12,2,0,ServiceD,0.04,703.0029999999999,703.0429999999999,701.0,703.0029999999999
63,COMP_M,ComplexApp,ServiceB,M.B,4,6,2,1,ServiceA,2.0,703.2152910641086,705.2152910641086,632.3137410641087,703.2152910641086
70,COMP_M,ComplexApp,ServiceE,M.F,10,12,2,0,ServiceD,0.04,705.0049999999999,705.0449999999998,703.1797910641089,705.0049999999999
67,SINK_M,ComplexApp,Actuator,M.H,14,1,6,2,ServiceF,0,705.3167410641088,705.3167410641088,689.3153243974422,705.3167410641088
69,COMP_M,ComplexApp,ServiceF,M.G,12,14,0,6,ServiceE,0.09375,709.2225743974421,709.3163243974421,694.2212910641089,709.2225743974421
71,COMP_M,ComplexApp,ServiceA,M.A,0,4,1,2,Sensor,1.0,711.1802910641089,712.1802910641089,10.244665551775173,711.1802910641089
71,COMP_M,ComplexApp,ServiceD,M.E,4,10,2,2,ServiceA,1.0,712.1802910641089,713.1802910641089,712.1802910641089,712.1802910641089
64,COMP_M,ComplexApp,ServiceB,M.B,4,6,2,1,ServiceA,2.0,713.2162910641085,715.2162910641085,642.3144077307753,713.2162910641085
71,COMP_M,ComplexApp,ServiceE,M.F,10,12,2,0,ServiceD,0.04,714.1822910641089,714.2222910641088,713.1802910641089,714.1822910641089
-1,COMP_M,ComplexApp,ServiceF,M.G,12,14,0,6,ServiceE,0.09375,715.0012833333333,715.0950333333333,700.0,715.0012833333333
68,SINK_M,ComplexApp,Actuator,M.H,14,1,6,2,ServiceF,0,715.3172410641088,715.3172410641088,699.3158243974422,715.3172410641088
-1,COMP_M,ComplexApp,ServiceF,M.G,12,14,0,6,ServiceE,0.09375,720.0017499999999,720.0954999999999,702.0419999999999,720.0017499999999
-1,SINK_M,ComplexApp,Actuator,M.H,14,1,6,2,ServiceF,0,720.3175743974421,720.3175743974421,700.0,720.3175743974421
72,COMP_M,ComplexApp,ServiceA,M.A,0,4,1,2,Sensor,1.0,721.318074397442,722.318074397442,10.388956615884682,721.318074397442
72,COMP_M,ComplexApp,ServiceD,M.E,4,10,2,2,ServiceA,1.0,722.318074397442,723.318074397442,722.318074397442,722.318074397442
65,COMP_M,ComplexApp,ServiceB,M.B,4,6,2,1,ServiceA,2.0,723.2172910641085,725.2172910641085,652.3150743974419,723.2172910641085
72,COMP_M,ComplexApp,ServiceE,M.F,10,12,2,0,ServiceD,0.04,724.320074397442,724.360074397442,723.318074397442,724.320074397442
-1,COMP_M,ComplexApp,ServiceF,M.G,12,14,0,6,ServiceE,0.09375,725.0022166666665,725.0959666666665,703.0429999999999,725.0022166666665
69,SINK_M,ComplexApp,Actuator,M.H,14,1,6,2,ServiceF,0,725.3179077307753,725.3179077307753,709.3163243974421,725.3179077307753
70,COMP_M,ComplexApp,ServiceF,M.G,12,14,0,6,ServiceE,0.09375,730.0026833333332,730.0964333333332,705.0449999999998,730.0026833333332
-1,SINK_M,ComplexApp,Actuator,M.D,8,1,8,2,ServiceC,0,730.3182410641086,730.3182410641086,700.0,730.3182410641086
73,COMP_M,ComplexApp,ServiceA,M.A,0,4,1,2,Sensor,1.0,731.3187410641086,732.3187410641086,10.533247679994192,731.3187410641086
73,COMP_M,ComplexApp,ServiceD,M.E,4,10,2,2,ServiceA,1.0,732.3187410641086,733.3187410641086,732.3187410641086,732.3187410641086
66,COMP_M,ComplexApp,ServiceB,M.B,4,6,2,1,ServiceA,2.0,733.2182910641085,735.2182910641085,662.3157410641085,733.2182910641085
73,COMP_M,ComplexApp,ServiceE,M.F,10,12,2,0,ServiceD,0.04,734.3207410641086,734.3607410641085,733.3187410641086,734.3207410641086
71,COMP_M,ComplexApp,ServiceF,M.G,12,14,0,6,ServiceE,0.09375,735.0031499999998,735.0968999999998,714.2222910641088,735.0031499999998
-1,SINK_M,ComplexApp,Actuator,M.H,14,1,6,2,ServiceF,0,735.3185743974419,735.3185743974419,715.0950333333333,735.3185743974419
72,COMP_M,ComplexApp,ServiceF,M.G,12,14,0,6,ServiceE,0.09375,740.0036166666664,740.0973666666664,724.360074397442,740.0036166666664
-1,SINK_M,ComplexApp,Actuator,M.H,14,1,6,2,ServiceF,0,740.3189077307752,740.3189077307752,720.0954999999999,740.3189077307752
74,COMP_M,ComplexApp,ServiceA,M.A,0,4,1,2,Sensor,1.0,741.3194077307752,742.3194077307752,10.677538744103702,741.3194077307752
74,COMP_M,ComplexApp,ServiceD,M.E,4,10,2,2,ServiceA,1.0,742.3194077307752,743.3194077307752,742.3194077307752,742.3194077307752
67,COMP_M,ComplexApp,ServiceB,M.B,4,6,2,1,ServiceA,2.0,743.2192910641085,745.2192910641085,672.178291064109,743.2192910641085
74,COMP_M,ComplexApp,ServiceE,M.F,10,12,2,0,ServiceD,0.04,744.3214077307751,744.3614077307751,743.3194077307752,744.3214077307751
-1,SINK_M,ComplexApp,Actuator,M.H,14,1,6,2,ServiceF,0,745.3192410641085,745.3192410641085,725.0959666666665,745.3192410641085
73,COMP_M,ComplexApp,ServiceF,M.G,12,14,0,6,ServiceE,0.09375,749.3620243974418,749.4557743974418,734.3607410641085,749.3620243974418
70,SINK_M,ComplexApp,Actuator,M.H,14,1,6,2,ServiceF,0,750.3195743974418,750.3195743974418,730.0964333333332,750.3195743974418
75,COMP_M,ComplexApp,ServiceA,M.A,0,4,1,2,Sensor,1.0,751.3200743974418,752.3200743974418,10.821829808213211,751.3200743974418
75,COMP_M,ComplexApp,ServiceD,M.E,4,10,2,2,ServiceA,1.0,752.3200743974418,753.3200743974418,752.3200743974418,752.3200743974418
68,COMP_M,ComplexApp,ServiceB,M.B,4,6,2,1,ServiceA,2.0,753.2202910641084,755.2202910641084,682.178791064109,753.2202910641084
75,COMP_M,ComplexApp,ServiceE,M.F,10,12,2,0,ServiceD,0.04,754.3220743974417,754.3620743974417,753.3200743974418,754.3220743974417
71,SINK_M,ComplexApp,Actuator,M.H,14,1,6,2,ServiceF,0,755.3199077307751,755.3199077307751,735.0968999999998,755.3199077307751
74,COMP_M,ComplexApp,ServiceF,M.G,12,14,0,6,ServiceE,0.09375,759.3626910641084,759.4564410641084,744.3614077307751,759.3626910641084
72,SINK_M,ComplexApp,Actuator,M.H,14,1,6,2,ServiceF,0,760.3202410641084,760.3202410641084,740.0973666666664,760.3202410641084
76,COMP_M,ComplexApp,ServiceA,M.A,0,4,1,2,Sensor,1.0,761.3207410641083,762.3207410641083,10.96612087232272,761.3207410641083
76,COMP_M,ComplexApp,ServiceD,M.E,4,10,2,2,ServiceA,1.0,762.3207410641083,763.3207410641083,762.3207410641083,762.3207410641083
69,COMP_M,ComplexApp,ServiceB,M.B,4,6,2,1,ServiceA,2.0,763.2212910641084,765.2212910641084,692.179291064109,763.2212910641084
76,COMP_M,ComplexApp,ServiceE,M.F,10,12,2,0,ServiceD,0.04,764.3227410641083,764.3627410641083,763.3207410641083,764.3227410641083
73,SINK_M,ComplexApp,Actuator,M.H,14,1,6,2,ServiceF,0,765.4571910641084,765.4571910641084,749.4557743974418,765.4571910641084
75,COMP_M,ComplexApp,ServiceF,M.G,12,14,0,6,ServiceE,0.09375,769.363357730775,769.457107730775,754.3620743974417,769.363357730775
77,COMP_M,ComplexApp,ServiceA,M.A,0,4,1,2,Sensor,1.0,771.1832910641089,772.1832910641089,11.11041193643223,771.1832910641089
77,COMP_M,ComplexApp,ServiceD,M.E,4,10,2,2,ServiceA,1.0,772.1832910641089,773.1832910641089,772.1832910641089,772.1832910641089
-1,COMP_M,ComplexApp,ServiceB,M.B,4,6,2,1,ServiceA,2.0,773.2222910641084,775.2222910641084,700.0,773.2222910641084
77,COMP_M,ComplexApp,ServiceE,M.F,10,12,2,0,ServiceD,0.04,774.1852910641088,774.2252910641088,773.1832910641089,774.1852910641088
74,SINK_M,ComplexApp,Actuator,M.H,14,1,6,2,ServiceF,0,775.457857730775,775.457857730775,759.4564410641084,775.457857730775
76,COMP_M,ComplexApp,ServiceF,M.G,12,14,0,6,ServiceE,0.09375,779.3640243974415,779.4577743974415,764.3627410641083,779.3640243974415
78,COMP_M,ComplexApp,ServiceA,M.A,0,4,1,2,Sensor,1.0,781.1837910641088,782.1837910641088,11.25470300054174,781.1837910641088
78,COMP_M,ComplexApp,ServiceD,M.E,4,10,2,2,ServiceA,1.0,782.1837910641088,783.1837910641088,782.1837910641088,782.1837910641088
70,COMP_M,ComplexApp,ServiceB,M.B,4,6,2,1,ServiceA,2.0,783.2232910641084,785.2232910641084,702.1797910641089,783.2232910641084
78,COMP_M,ComplexApp,ServiceE,M.F,10,12,2,0,ServiceD,0.04,784.1857910641088,784.2257910641088,783.1837910641088,784.1857910641088
75,SINK_M,ComplexApp,Actuator,M.H,14,1,6,2,ServiceF,0,785.4585243974416,785.4585243974416,769.457107730775,785.4585243974416
77,COMP_M,ComplexApp,ServiceF,M.G,12,14,0,6,ServiceE,0.09375,789.226574397442,789.320324397442,774.2252910641088,789.226574397442
79,COMP_M,ComplexApp,ServiceA,M.A,0,4,1,2,Sensor,1.0,791.1842910641088,792.1842910641088,11.39899406465125,791.1842910641088
79,COMP_M,ComplexApp,ServiceD,M.E,4,10,2,2,ServiceA,1.0,792.1842910641088,793.1842910641088,792.1842910641088,792.1842910641088
71,COMP_M,ComplexApp,ServiceB,M.B,4,6,2,1,ServiceA,2.0,793.2242910641083,795.2242910641083,712.1802910641089,793.2242910641083
79,COMP_M,ComplexApp,ServiceE,M.F,10,12,2,0,ServiceD,0.04,794.1862910641088,794.2262910641088,793.1842910641088,794.1862910641088
76,SINK_M,ComplexApp,Actuator,M.H,14,1,6,2,ServiceF,0,795.4591910641082,795.4591910641082,779.4577743974415,795.4591910641082
78,COMP_M,ComplexApp,ServiceF,M.G,12,14,0,6,ServiceE,0.09375,799.227074397442,799.320824397442,784.2257910641088,799.227074397442
-1,COMP_M,ComplexApp,ServiceD,M.E,4,10,2,2,ServiceA,1.0,800,801.0,800.0,800.0
80,COMP_M,ComplexApp,ServiceA,M.A,0,4,1,2,Sensor,1.0,801.1847910641088,802.1847910641088,11.54328512876076,801.1847910641088
-1,COMP_M,ComplexApp,ServiceE,M.F,10,12,2,0,ServiceD,0.04,802.002,802.0419999999999,800.0,802.002
80,COMP_M,ComplexApp,ServiceD,M.E,4,10,2,2,ServiceA,1.0,802.1847910641088,803.1847910641088,802.1847910641088,802.1847910641088
-1,COMP_M,ComplexApp,ServiceE,M.F,10,12,2,0,ServiceD,0.04,803.0029999999999,803.0429999999999,801.0,803.0029999999999
72,COMP_M,ComplexApp,ServiceB,M.B,4,6,2,1,ServiceA,2.0,803.2252910641083,805.2252910641083,722.318074397442,803.2252910641083
80,COMP_M,ComplexApp,ServiceE,M.F,10,12,2,0,ServiceD,0.04,805.0049999999999,805.0449999999998,803.1847910641088,805.0049999999999
77,SINK_M,ComplexApp,Actuator,M.H,14,1,6,2,ServiceF,0,805.3217410641087,805.3217410641087,789.320324397442,805.3217410641087
79,COMP_M,ComplexApp,ServiceF,M.G,12,14,0,6,ServiceE,0.09375,809.227574397442,809.321324397442,794.2262910641088,809.227574397442
81,COMP_M,ComplexApp,ServiceA,M.A,0,4,1,2,Sensor,1.0,811.1852910641088,812.1852910641088,11.687576192870269,811.1852910641088
81,COMP_M,ComplexApp,ServiceD,M.E,4,10,2,2,ServiceA,1.0,812.1852910641088,813.1852910641088,812.1852910641088,812.1852910641088
73,COMP_M,ComplexApp,ServiceB,M.B,4,6,2,1,ServiceA,2.0,813.2262910641083,815.2262910641083,732.3187410641086,813.2262910641083
81,COMP_M,ComplexApp,ServiceE,M.F,10,12,2,0,ServiceD,0.04,814.1872910641088,814.2272910641087,813.1852910641088,814.1872910641088
-1,COMP_M,ComplexApp,ServiceF,M.G,12,14,0,6,ServiceE,0.09375,815.0012833333333,815.0950333333333,800.0,815.0012833333333
78,SINK_M,ComplexApp,Actuator,M.H,14,1,6,2,ServiceF,0,815.3222410641087,815.3222410641087,799.320824397442,815.3222410641087
-1,COMP_M,ComplexApp,ServiceF,M.G,12,14,0,6,ServiceE,0.09375,820.0017499999999,820.0954999999999,802.0419999999999,820.0017499999999
-1,SINK_M,ComplexApp,Actuator,M.H,14,1,6,2,ServiceF,0,820.3225743974419,820.3225743974419,800.0,820.3225743974419
82,COMP_M,ComplexApp,ServiceA,M.A,0,4,1,2,Sensor,1.0,821.3230743974419,822.3230743974419,11.831867256979779,821.3230743974419
82,COMP_M,ComplexApp,ServiceD,M.E,4,10,2,2,ServiceA,1.0,822.3230743974419,823.3230743974419,822.3230743974419,822.3230743974419
74,COMP_M,ComplexApp,ServiceB,M.B,4,6,2,1,ServiceA,2.0,823.2272910641083,825.2272910641083,742.3194077307752,823.2272910641083
82,COMP_M,ComplexApp,ServiceE,M.F,10,12,2,0,ServiceD,0.04,824.3250743974419,824.3650743974418,823.3230743974419,824.3250743974419
-1,COMP_M,ComplexApp,ServiceF,M.G,12,14,0,6,ServiceE,0.09375,825.0022166666665,825.0959666666665,803.0429999999999,825.0022166666665
79,SINK_M,ComplexApp,Actuator,M.H,14,1,6,2,ServiceF,0,825.3229077307752,825.3229077307752,809.321324397442,825.3229077307752
80,COMP_M,ComplexApp,ServiceF,M.G,12,14,0,6,ServiceE,0.09375,830.0026833333332,830.0964333333332,805.0449999999998,830.0026833333332
-1,SINK_M,ComplexApp,Actuator,M.D,8,1,8,2,ServiceC,0,830.3232410641085,830.3232410641085,800.0,830.3232410641085
83,COMP_M,ComplexApp,ServiceA,M.A,0,4,1,2,Sensor,1.0,831.3237410641085,832.3237410641085,11.976158321089288,831.3237410641085
83,COMP_M,ComplexApp,ServiceD,M.E,4,10,2,2,ServiceA,1.0,832.3237410641085,833.3237410641085,832.3237410641085,832.3237410641085
75,COMP_M,ComplexApp,ServiceB,M.B,4,6,2,1,ServiceA,2.0,833.2282910641082,835.2282910641082,752.3200743974418,833.2282910641082
83,COMP_M,ComplexApp,ServiceE,M.F,10,12,2,0,ServiceD,0.04,834.3257410641085,834.3657410641084,833.3237410641085,834.3257410641085
81,COMP_M,ComplexApp,ServiceF,M.G,12,14,0,6,ServiceE,0.09375,835.0031499999998,835.0968999999998,814.2272910641087,835.0031499999998
-1,SINK_M,ComplexApp,Actuator,M.H,14,1,6,2,ServiceF,0,835.3235743974418,835.3235743974418,815.0950333333333,835.3235743974418
82,COMP_M,ComplexApp,ServiceF,M.G,12,14,0,6,ServiceE,0.09375,840.0036166666664,840.0973666666664,824.3650743974418,840.0036166666664
-1,SINK_M,ComplexApp,Actuator,M.H,14,1,6,2,ServiceF,0,840.3239077307751,840.3239077307751,820.0954999999999,840.3239077307751
84,COMP_M,ComplexApp,ServiceA,M.A,0,4,1,2,Sensor,1.0,841.3244077307751,842.3244077307751,12.120449385198798,841.3244077307751
84,COMP_M,ComplexApp,ServiceD,M.E,4,10,2,2,ServiceA,1.0,842.3244077307751,843.3244077307751,842.3244077307751,842.3244077307751
76,COMP_M,ComplexApp,ServiceB,M.B,4,6,2,1,ServiceA,2.0,843.2292910641082,845.2292910641082,762.3207410641083,843.2292910641082
84,COMP_M,ComplexApp,ServiceE,M.F,10,12,2,0,ServiceD,0.04,844.326407730775,844.366407730775,843.3244077307751,844.326407730775
-1,SINK_M,ComplexApp,Actuator,M.H,14,1,6,2,ServiceF,0,845.3242410641084,845.3242410641084,825.0959666666665,845.3242410641084
83,COMP_M,ComplexApp,ServiceF,M.G,12,14,0,6,ServiceE,0.09375,849.3670243974417,849.4607743974417,834.3657410641084,849.3670243974417
80,SINK_M,ComplexApp,Actuator,M.H,14,1,6,2,ServiceF,0,850.3245743974417,850.3245743974417,830.0964333333332,850.3245743974417
85,COMP_M,ComplexApp,ServiceA,M.A,0,4,1,2,Sensor,1.0,851.3250743974417,852.3250743974417,12.264740449308308,851.3250743974417
85,COMP_M,ComplexApp,ServiceD,M.E,4,10,2,2,ServiceA,1.0,852.3250743974417,853.3250743974417,852.3250743974417,852.3250743974417
77,COMP_M,ComplexApp,ServiceB,M.B,4,6,2,1,ServiceA,2.0,853.2302910641082,855.2302910641082,772.1832910641089,853.2302910641082
85,COMP_M,ComplexApp,ServiceE,M.F,10,12,2,0,ServiceD,0.04,854.3270743974416,854.3670743974416,853.3250743974417,854.3270743974416
81,SINK_M,ComplexApp,Actuator,M.H,14,1,6,2,ServiceF,0,855.324907730775,855.324907730775,835.0968999999998,855.324907730775
84,COMP_M,ComplexApp,ServiceF,M.G,12,14,0,6,ServiceE,0.09375,859.3676910641083,859.4614410641083,844.366407730775,859.3676910641083
82,SINK_M,ComplexApp,Actuator,M.H,14,1,6,2,ServiceF,0,860.3252410641082,860.3252410641082,840.0973666666664,860.3252410641082
86,COMP_M,ComplexApp,ServiceA,M.A,0,4,1,2,Sensor,1.0,861.3257410641082,862.3257410641082,12.409031513417817,861.3257410641082
86,COMP_M,ComplexApp,ServiceD,M.E,4,10,2,2,ServiceA,1.0,862.3257410641082,863.3257410641082,862.3257410641082,862.3257410641082
78,COMP_M,ComplexApp,ServiceB,M.B,4,6,2,1,ServiceA,2.0,863.2312910641082,865.2312910641082,782.1837910641088,863.2312910641082
86,COMP_M,ComplexApp,ServiceE,M.F,10,12,2,0,ServiceD,0.04,864.3277410641082,864.3677410641081,863.3257410641082,864.3277410641082
83,SINK_M,ComplexApp,Actuator,M.H,14,1,6,2,ServiceF,0,865.4621910641083,865.4621910641083,849.4607743974417,865.4621910641083
85,COMP_M,ComplexApp,ServiceF,M.G,12,14,0,6,ServiceE,0.09375,869.3683577307748,869.4621077307748,854.3670743974416,869.3683577307748
87,COMP_M,ComplexApp,ServiceA,M.A,0,4,1,2,Sensor,1.0,871.1882910641087,872.1882910641087,12.553322577527327,871.1882910641087
87,COMP_M,ComplexApp,ServiceD,M.E,4,10,2,2,ServiceA,1.0,872.1882910641087,873.1882910641087,872.1882910641087,872.1882910641087
79,COMP_M,ComplexApp,ServiceB,M.B,4,6,2,1,ServiceA,2.0,873.2322910641082,875.2322910641082,792.1842910641088,873.2322910641082
87,COMP_M,ComplexApp,ServiceE,M.F,10,12,2,0,ServiceD,0.04,874.1902910641087,874.2302910641087,873.1882910641087,874.1902910641087
84,SINK_M,ComplexApp,Actuator,M.H,14,1,6,2,ServiceF,0,875.4628577307749,875.4628577307749,859.4614410641083,875.4628577307749
86,COMP_M,ComplexApp,ServiceF,M.G,12,14,0,6,ServiceE,0.09375,879.3690243974414,879.4627743974414,864.3677410641081,879.3690243974414
88,COMP_M,ComplexApp,ServiceA,M.A,0,4,1,2,Sensor,1.0,881.1887910641087,882.1887910641087,12.697613641636837,881.1887910641087
88,COMP_M,ComplexApp,ServiceD,M.E,4,10,2,2,ServiceA,1.0,882.1887910641087,883.1887910641087,882.1887910641087,882.1887910641087
-1,COMP_M,ComplexApp,ServiceB,M.B,4,6,2,1,ServiceA,2.0,883.2332910641081,885.2332910641081,800.0,883.2332910641081
88,COMP_M,ComplexApp,ServiceE,M.F,10,12,2,0,ServiceD,0.04,884.1907910641087,884.2307910641086,883.1887910641087,884.1907910641087
85,SINK_M,ComplexApp,Actuator,M.H,14,1,6,2,ServiceF,0,885.4635243974415,885.4635243974415,869.4621077307748,885.4635243974415
87,COMP_M,ComplexApp,ServiceF,M.G,12,14,0,6,ServiceE,0.09375,889.2315743974419,889.3253243974419,874.2302910641087,889.2315743974419
89,COMP_M,ComplexApp,ServiceA,M.A,0,4,1,2,Sensor,1.0,891.1892910641087,892.1892910641087,12.841904705746346,891.1892910641087
89,COMP_M,ComplexApp,ServiceD,M.E,4,10,2,2,ServiceA,1.0,892.1892910641087,893.1892910641087,892.1892910641087,892.1892910641087
80,COMP_M,ComplexApp,ServiceB,M.B,4,6,2,1,ServiceA,2.0,893.2342910641081,895.2342910641081,802.1847910641088,893.2342910641081
89,COMP_M,ComplexApp,ServiceE,M.F,10,12,2,0,ServiceD,0.04,894.1912910641087,894.2312910641086,893.1892910641087,894.1912910641087
86,SINK_M,ComplexApp,Actuator,M.H,14,1,6,2,ServiceF,0,895.464191064108,895.464191064108,879.4627743974414,895.464191064108
88,COMP_M,ComplexApp,ServiceF,M.G,12,14,0,6,ServiceE,0.09375,899.2320743974419,899.3258243974419,884.2307910641086,899.2320743974419
-1,COMP_M,ComplexApp,ServiceD,M.E,4,10,2,2,ServiceA,1.0,900,901.0,900.0,900.0
90,COMP_M,ComplexApp,ServiceA,M.A,0,4,1,2,Sensor,1.0,901.1897910641087,902.1897910641087,12.986195769855856,901.1897910641087
-1,COMP_M,ComplexApp,ServiceE,M.F,10,12,2,0,ServiceD,0.04,902.002,902.0419999999999,900.0,902.002
90,COMP_M,ComplexApp,ServiceD,M.E,4,10,2,2,ServiceA,1.0,902.1897910641087,903.1897910641087,902.1897910641087,902.1897910641087
-1,COMP_M,ComplexApp,ServiceE,M.F,10,12,2,0,ServiceD,0.04,903.0029999999999,903.0429999999999,901.0,903.0029999999999
81,COMP_M,ComplexApp,ServiceB,M.B,4,6,2,1,ServiceA,2.0,903.2352910641081,905.2352910641081,812.1852910641088,903.2352910641081
90,COMP_M,ComplexApp,ServiceE,M.F,10,12,2,0,ServiceD,0.04,905.0049999999999,905.0449999999998,903.1897910641087,905.0049999999999
87,SINK_M,ComplexApp,Actuator,M.H,14,1,6,2,ServiceF,0,905.3267410641085,905.3267410641085,889.3253243974419,905.3267410641085
89,COMP_M,ComplexApp,ServiceF,M.G,12,14,0,6,ServiceE,0.09375,909.2325743974419,909.3263243974419,894.2312910641086,909.2325743974419
91,COMP_M,ComplexApp,ServiceA,M.A,0,4,1,2,Sensor,1.0,911.1902910641087,912.1902910641087,13.130486833965366,911.1902910641087
91,COMP_M,ComplexApp,ServiceD,M.E,4,10,2,2,ServiceA,1.0,912.1902910641087,913.1902910641087,912.1902910641087,912.1902910641087
82,COMP_M,ComplexApp,ServiceB,M.B,4,6,2,1,ServiceA,2.0,913.2362910641081,915.2362910641081,822.3230743974419,913.2362910641081
91,COMP_M,ComplexApp,ServiceE,M.F,10,12,2,0,ServiceD,0.04,914.1922910641086,914.2322910641086,913.1902910641087,914.1922910641086
-1,COMP_M,ComplexApp,ServiceF,M.G,12,14,0,6,ServiceE,0.09375,915.0012833333333,915.0950333333333,900.0,915.0012833333333
88,SINK_M,ComplexApp,Actuator,M.H,14,1,6,2,ServiceF,0,915.3272410641085,915.3272410641085,899.3258243974419,915.3272410641085
-1,COMP_M,ComplexApp,ServiceF,M.G,12,14,0,6,ServiceE,0.09375,920.0017499999999,920.0954999999999,902.0419999999999,920.0017499999999
-1,SINK_M,ComplexApp,Actuator,M.H,14,1,6,2,ServiceF,0,920.3275743974418,920.3275743974418,900.0,920.3275743974418
92,COMP_M,ComplexApp,ServiceA,M.A,0,4,1,2,Sensor,1.0,921.3280743974418,922.3280743974418,13.274777898074875,921.3280743974418
92,COMP_M,ComplexApp,ServiceD,M.E,4,10,2,2,ServiceA,1.0,922.3280743974418,923.3280743974418,922.3280743974418,922.3280743974418
83,COMP_M,ComplexApp,ServiceB,M.B,4,6,2,1,ServiceA,2.0,923.237291064108,925.237291064108,832.3237410641085,923.237291064108
92,COMP_M,ComplexApp,ServiceE,M.F,10,12,2,0,ServiceD,0.04,924.3300743974418,924.3700743974417,923.3280743974418,924.3300743974418
-1,COMP_M,ComplexApp,ServiceF,M.G,12,14,0,6,ServiceE,0.09375,925.0022166666665,925.0959666666665,903.0429999999999,925.0022166666665
89,SINK_M,ComplexApp,Actuator,M.H,14,1,6,2,ServiceF,0,925.3279077307751,925.3279077307751,909.3263243974419,925.3279077307751
90,COMP_M,ComplexApp,ServiceF,M.G,12,14,0,6,ServiceE,0.09375,930.0026833333332,930.0964333333332,905.0449999999998,930.0026833333332
-1,SINK_M,ComplexApp,Actuator,M.D,8,1,8,2,ServiceC,0,930.3282410641084,930.3282410641084,900.0,930.3282410641084
93,COMP_M,ComplexApp,ServiceA,M.A,0,4,1,2,Sensor,1.0,931.3287410641084,932.3287410641084,13.419068962184385,931.3287410641084
93,COMP_M,ComplexApp,ServiceD,M.E,4,10,2,2,ServiceA,1.0,932.3287410641084,933.3287410641084,932.3287410641084,932.3287410641084
84,COMP_M,ComplexApp,ServiceB,M.B,4,6,2,1,ServiceA,2.0,933.238291064108,935.238291064108,842.3244077307751,933.238291064108
93,COMP_M,ComplexApp,ServiceE,M.F,10,12,2,0,ServiceD,0.04,934.3307410641083,934.3707410641083,933.3287410641084,934.3307410641083
91,COMP_M,ComplexApp,ServiceF,M.G,12,14,0,6,ServiceE,0.09375,935.0031499999998,935.0968999999998,914.2322910641086,935.0031499999998
-1,SINK_M,ComplexApp,Actuator,M.H,14,1,6,2,ServiceF,0,935.3285743974417,935.3285743974417,915.0950333333333,935.3285743974417
92,COMP_M,ComplexApp,ServiceF,M.G,12,14,0,6,ServiceE,0.09375,940.0036166666664,940.0973666666664,924.3700743974417,940.0036166666664
-1,SINK_M,ComplexApp,Actuator,M.H,14,1,6,2,ServiceF,0,940.328907730775,940.328907730775,920.0954999999999,940.328907730775
94,COMP_M,ComplexApp,ServiceA,M.A,0,4,1,2,Sensor,1.0,941.329407730775,942.329407730775,13.563360026293894,941.329407730775
94,COMP_M,ComplexApp,ServiceD,M.E,4,10,2,2,ServiceA,1.0,942.329407730775,943.329407730775,942.329407730775,942.329407730775
85,COMP_M,ComplexApp,ServiceB,M.B,4,6,2,1,ServiceA,2.0,943.239291064108,945.239291064108,852.3250743974417,943.239291064108
94,COMP_M,ComplexApp,ServiceE,M.F,10,12,2,0,ServiceD,0.04,944.3314077307749,944.3714077307749,943.329407730775,944.3314077307749
-1,SINK_M,ComplexApp,Actuator,M.H,14,1,6,2,ServiceF,0,945.3292410641083,945.3292410641083,925.0959666666665,945.3292410641083
93,COMP_M,ComplexApp,ServiceF,M.G,12,14,0,6,ServiceE,0.09375,949.3720243974416,949.4657743974416,934.3707410641083,949.3720243974416
90,SINK_M,ComplexApp,Actuator,M.H,14,1,6,2,ServiceF,0,950.3295743974415,950.3295743974415,930.0964333333332,950.3295743974415
95,COMP_M,ComplexApp,ServiceA,M.A,0,4,1,2,Sensor,1.0,951.3300743974415,952.3300743974415,13.707651090403404,951.3300743974415
95,COMP_M,ComplexApp,ServiceD,M.E,4,10,2,2,ServiceA,1.0,952.3300743974415,953.3300743974415,952.3300743974415,952.3300743974415
86,COMP_M,ComplexApp,ServiceB,M.B,4,6,2,1,ServiceA,2.0,953.240291064108,955.240291064108,862.3257410641082,953.240291064108
95,COMP_M,ComplexApp,ServiceE,M.F,10,12,2,0,ServiceD,0.04,954.3320743974415,954.3720743974415,953.3300743974415,954.3320743974415
91,SINK_M,ComplexApp,Actuator,M.H,14,1,6,2,ServiceF,0,955.3299077307748,955.3299077307748,935.0968999999998,955.3299077307748
94,COMP_M,ComplexApp,ServiceF,M.G,12,14,0,6,ServiceE,0.09375,959.3726910641082,959.4664410641082,944.3714077307749,959.3726910641082
92,SINK_M,ComplexApp,Actuator,M.H,14,1,6,2,ServiceF,0,960.3302410641081,960.3302410641081,940.0973666666664,960.3302410641081
96,COMP_M,ComplexApp,ServiceA,M.A,0,4,1,2,Sensor,1.0,961.3307410641081,962.3307410641081,13.851942154512914,961.3307410641081
96,COMP_M,ComplexApp,ServiceD,M.E,4,10,2,2,ServiceA,1.0,962.3307410641081,963.3307410641081,962.3307410641081,962.3307410641081
87,COMP_M,ComplexApp,ServiceB,M.B,4,6,2,1,ServiceA,2.0,963.2412910641079,965.2412910641079,872.1882910641087,963.2412910641079
96,COMP_M,ComplexApp,ServiceE,M.F,10,12,2,0,ServiceD,0.04,964.3327410641081,964.372741064108,963.3307410641081,964.3327410641081
93,SINK_M,ComplexApp,Actuator,M.H,14,1,6,2,ServiceF,0,965.4671910641082,965.4671910641082,949.4657743974416,965.4671910641082
95,COMP_M,ComplexApp,ServiceF,M.G,12,14,0,6,ServiceE,0.09375,969.3733577307747,969.4671077307747,954.3720743974415,969.3733577307747
97,COMP_M,ComplexApp,ServiceA,M.A,0,4,1,2,Sensor,1.0,971.1932910641086,972.1932910641086,13.996233218622423,971.1932910641086
97,COMP_M,ComplexApp,ServiceD,M.E,4,10,2,2,ServiceA,1.0,972.1932910641086,973.1932910641086,972.1932910641086,972.1932910641086
88,COMP_M,ComplexApp,ServiceB,M.B,4,6,2,1,ServiceA,2.0,973.2422910641079,975.2422910641079,882.1887910641087,973.2422910641079
97,COMP_M,ComplexApp,ServiceE,M.F,10,12,2,0,ServiceD,0.04,974.1952910641086,974.2352910641085,973.1932910641086,974.1952910641086
94,SINK_M,ComplexApp,Actuator,M.H,14,1,6,2,ServiceF,0,975.4678577307748,975.4678577307748,959.4664410641082,975.4678577307748
96,COMP_M,ComplexApp,ServiceF,M.G,12,14,0,6,ServiceE,0.09375,979.3740243974413,979.4677743974413,964.372741064108,979.3740243974413
98,COMP_M,ComplexApp,ServiceA,M.A,0,4,1,2,Sensor,1.0,981.1937910641086,982.1937910641086,14.140524282731933,981.1937910641086
98,COMP_M,ComplexApp,ServiceD,M.E,4,10,2,2,ServiceA,1.0,982.1937910641086,983.1937910641086,982.1937910641086,982.1937910641086
89,COMP_M,ComplexApp,ServiceB,M.B,4,6,2,1,ServiceA,2.0,983.2432910641079,985.2432910641079,892.1892910641087,983.2432910641079
98,COMP_M,ComplexApp,ServiceE,M.F,10,12,2,0,ServiceD,0.04,984.1957910641086,984.2357910641085,983.1937910641086,984.1957910641086
95,SINK_M,ComplexApp,Actuator,M.H,14,1,6,2,ServiceF,0,985.4685243974413,985.4685243974413,969.4671077307747,985.4685243974413
97,COMP_M,ComplexApp,ServiceF,M.G,12,14,0,6,ServiceE,0.09375,989.2365743974418,989.3303243974418,974.2352910641085,989.2365743974418
99,COMP_M,ComplexApp,ServiceA,M.A,0,4,1,2,Sensor,1.0,991.1942910641086,992.1942910641086,14.284815346841443,991.1942910641086
99,COMP_M,ComplexApp,ServiceD,M.E,4,10,2,2,ServiceA,1.0,992.1942910641086,993.1942910641086,992.1942910641086,992.1942910641086
-1,COMP_M,ComplexApp,ServiceB,M.B,4,6,2,1,ServiceA,2.0,993.2442910641079,995.2442910641079,900.0,993.2442910641079
99,COMP_M,ComplexApp,ServiceE,M.F,10,12,2,0,ServiceD,0.04,994.1962910641086,994.2362910641085,993.1942910641086,994.1962910641086
96,SINK_M,ComplexApp,Actuator,M.H,14,1,6,2,ServiceF,0,995.4691910641079,995.4691910641079,979.4677743974413,995.4691910641079
98,COMP_M,ComplexApp,ServiceF,M.G,12,14,0,6,ServiceE,0.09375,999.2370743974418,999.3308243974418,984.2357910641085,999.2370743974418
